date,LONG_FIZ,SHORT_FIZ,OI_FIZ,NET_FIZ,LONG_YUR,SHORT_YUR,OI_YUR,NET_YUR,OI_TOTAL,DELTA_OI,DELTA_NET_YUR,DELTA_NET_FIZ
2022-09-01,4927,4563,9490,364,12256,12620,24876,-364,17183.0,,,
2022-09-02,4704,4529,9233,175,10915,11090,22005,-175,15619.0,-1564.0,189.0,-189.0
2022-09-05,4575,4346,8921,229,9833,10062,19895,-229,14408.0,-1211.0,-54.0,54.0
2022-09-06,4457,4097,8554,360,8588,8948,17536,-360,13045.0,-1363.0,-131.0,131.0
2022-09-07,4457,5019,9476,-562,9130,8568,17698,562,13587.0,542.0,922.0,-922.0
2022-09-08,4459,4785,9244,-326,10106,9780,19886,326,14565.0,978.0,-236.0,236.0
2022-09-09,4693,5058,9751,-365,9183,8818,18001,365,13876.0,-689.0,39.0,-39.0
2022-09-12,4800,4794,9594,6,8913,8919,17832,-6,13713.0,-163.0,-371.0,371.0
2022-09-13,4801,5176,9977,-375,8479,8104,16583,375,13280.0,-433.0,381.0,-381.0
2022-09-14,4594,5377,9971,-783,7952,7169,15121,783,12546.0,-734.0,408.0,-408.0
2022-09-15,3357,3043,6400,314,4075,4389,8464,-314,7432.0,-5114.0,-1097.0,1097.0
2022-09-16,3761,3782,7543,-21,5117,5096,10213,21,8878.0,1446.0,335.0,-335.0
2022-09-19,3699,4107,7806,-408,6107,5699,11806,408,9806.0,928.0,387.0,-387.0
2022-09-20,4272,4448,8720,-176,5587,5411,10998,176,9859.0,53.0,-232.0,232.0
2022-09-21,4782,4191,8973,591,4647,5238,9885,-591,9429.0,-430.0,-767.0,767.0
2022-09-22,4378,3482,7860,896,4479,5375,9854,-896,8857.0,-572.0,-305.0,305.0
2022-09-23,5359,3195,8554,2164,4189,6353,10542,-2164,9548.0,691.0,-1268.0,1268.0
2022-09-26,6474,4454,10928,2020,3276,5296,8572,-2020,9750.0,202.0,144.0,-144.0
2022-09-27,6806,5548,12354,1258,3503,4761,8264,-1258,10309.0,559.0,762.0,-762.0
2022-09-28,6406,6044,12450,362,6300,6662,12962,-362,12706.0,2397.0,896.0,-896.0
2022-09-29,6159,7250,13409,-1091,9984,8893,18877,1091,16143.0,3437.0,1453.0,-1453.0
2022-09-30,6464,7881,14345,-1417,10056,8639,18695,1417,16520.0,377.0,326.0,-326.0
2022-10-03,7333,12549,19882,-5216,11700,6484,18184,5216,19033.0,2513.0,3799.0,-3799.0
2022-10-04,7396,13580,20976,-6184,12814,6630,19444,6184,20210.0,1177.0,968.0,-968.0
2022-10-05,6806,16475,23281,-9669,13369,3700,17069,9669,20175.0,-35.0,3485.0,-3485.0
2022-10-06,6896,17186,24082,-10290,14085,3795,17880,10290,20981.0,806.0,621.0,-621.0
2022-10-07,7043,17352,24395,-10309,14544,4235,18779,10309,21587.0,606.0,19.0,-19.0
2022-10-10,7098,21354,28452,-14256,19756,5500,25256,14256,26854.0,5267.0,3947.0,-3947.0
2022-10-11,6735,23101,29836,-16366,22670,6304,28974,16366,29405.0,2551.0,2110.0,-2110.0
2022-10-12,6145,24100,30245,-17955,25090,7135,32225,17955,31235.0,1830.0,1589.0,-1589.0
2022-10-13,6079,24606,30685,-18527,25884,7357,33241,18527,31963.0,728.0,572.0,-572.0
2022-10-14,6599,24907,31506,-18308,26148,7840,33988,18308,32747.0,784.0,-219.0,219.0
2022-10-17,7552,24977,32529,-17425,26297,8872,35169,17425,33849.0,1102.0,-883.0,883.0
2022-10-18,7730,23730,31460,-16000,24932,8932,33864,16000,32662.0,-1187.0,-1425.0,1425.0
2022-10-19,7703,23912,31615,-16209,22630,6421,29051,16209,30333.0,-2329.0,209.0,-209.0
2022-10-20,7610,23794,31404,-16184,22607,6423,29030,16184,30217.0,-116.0,-25.0,25.0
2022-10-21,7257,23842,31099,-16585,22987,6402,29389,16585,30244.0,27.0,401.0,-401.0
2022-10-24,8013,21742,29755,-13729,20973,7244,28217,13729,28986.0,-1258.0,-2856.0,2856.0
2022-10-25,8521,20328,28849,-11807,18893,7086,25979,11807,27414.0,-1572.0,-1922.0,1922.0
2022-10-26,8746,17414,26160,-8668,16844,8176,25020,8668,25590.0,-1824.0,-3139.0,3139.0
2022-10-27,8852,17414,26266,-8562,17033,8471,25504,8562,25885.0,295.0,-106.0,106.0
2022-10-28,7697,17242,24939,-9545,16473,6928,23401,9545,24170.0,-1715.0,983.0,-983.0
2022-10-31,7314,16918,24232,-9604,16778,7174,23952,9604,24092.0,-78.0,59.0,-59.0
2022-11-01,7181,17367,24548,-10186,17882,7696,25578,10186,25063.0,971.0,582.0,-582.0
2022-11-02,7403,18488,25891,-11085,18863,7778,26641,11085,26266.0,1203.0,899.0,-899.0
2022-11-03,6523,16039,22562,-9516,17678,8162,25840,9516,24201.0,-2065.0,-1569.0,1569.0
2022-11-07,6288,15808,22096,-9520,16335,6815,23150,9520,22623.0,-1578.0,4.0,-4.0
2022-11-08,6163,15077,21240,-8914,15884,6970,22854,8914,22047.0,-576.0,-606.0,606.0
2022-11-09,6188,15209,21397,-9021,16065,7044,23109,9021,22253.0,206.0,107.0,-107.0
2022-11-10,6384,14900,21284,-8516,16433,7917,24350,8516,22817.0,564.0,-505.0,505.0
2022-11-11,6167,16034,22201,-9867,17538,7671,25209,9867,23705.0,888.0,1351.0,-1351.0
2022-11-14,6491,16635,23126,-10144,18079,7935,26014,10144,24570.0,865.0,277.0,-277.0
2022-11-15,5968,16342,22310,-10374,18522,8148,26670,10374,24490.0,-80.0,230.0,-230.0
2022-11-16,6412,17184,23596,-10772,18181,7409,25590,10772,24593.0,103.0,398.0,-398.0
2022-11-17,5978,16333,22311,-10355,18211,7856,26067,10355,24189.0,-404.0,-417.0,417.0
2022-11-18,5877,16259,22136,-10382,18500,8118,26618,10382,24377.0,188.0,27.0,-27.0
2022-11-21,6126,18014,24140,-11888,19460,7572,27032,11888,25586.0,1209.0,1506.0,-1506.0
2022-11-22,6247,19045,25292,-12798,20490,7692,28182,12798,26737.0,1151.0,910.0,-910.0
2022-11-23,6252,19568,25820,-13316,20613,7297,27910,13316,26865.0,128.0,518.0,-518.0
2022-11-24,6105,19729,25834,-13624,21019,7395,28414,13624,27124.0,259.0,308.0,-308.0
2022-11-25,5622,19184,24806,-13562,21180,7618,28798,13562,26802.0,-322.0,-62.0,62.0
2022-11-28,6062,18578,24640,-12516,19997,7481,27478,12516,26059.0,-743.0,-1046.0,1046.0
2022-11-29,6207,18471,24678,-12264,19911,7647,27558,12264,26118.0,59.0,-252.0,252.0
2022-11-30,6067,18289,24356,-12222,20181,7959,28140,12222,26248.0,130.0,-42.0,42.0
2022-12-01,6337,18812,25149,-12475,20328,7853,28181,12475,26665.0,417.0,253.0,-253.0
2022-12-02,6350,18121,24471,-11771,20062,8291,28353,11771,26412.0,-253.0,-704.0,704.0
2022-12-05,7281,19019,26300,-11738,20219,8481,28700,11738,27500.0,1088.0,-33.0,33.0
2022-12-06,7648,17733,25381,-10085,19319,9234,28553,10085,26967.0,-533.0,-1653.0,1653.0
2022-12-07,7188,16143,23331,-8955,17426,8471,25897,8955,24614.0,-2353.0,-1130.0,1130.0
2022-12-08,7088,15533,22621,-8445,16912,8467,25379,8445,24000.0,-614.0,-510.0,510.0
2022-12-09,7317,15089,22406,-7772,16012,8240,24252,7772,23329.0,-671.0,-673.0,673.0
2022-12-12,7365,13807,21172,-6442,14483,8041,22524,6442,21848.0,-1481.0,-1330.0,1330.0
2022-12-13,7193,12719,19912,-5526,13265,7739,21004,5526,20458.0,-1390.0,-916.0,916.0
2022-12-14,8319,11439,19758,-3120,10689,7569,18258,3120,19008.0,-1450.0,-2406.0,2406.0
2022-12-15,4431,6758,11189,-2327,4784,2457,7241,2327,9215.0,-9793.0,-793.0,793.0
2022-12-16,5023,8210,13233,-3187,4814,1627,6441,3187,9837.0,622.0,860.0,-860.0
2022-12-19,5374,10150,15524,-4776,10372,5596,15968,4776,15746.0,5909.0,1589.0,-1589.0
2022-12-20,7214,11066,18280,-3852,13938,10086,24024,3852,21152.0,5406.0,-924.0,924.0
2022-12-21,7149,10855,18004,-3706,13815,10109,23924,3706,20964.0,-188.0,-146.0,146.0
2022-12-22,7004,11316,18320,-4312,14249,9937,24186,4312,21253.0,289.0,606.0,-606.0
2022-12-23,6856,10852,17708,-3996,13127,9131,22258,3996,19983.0,-1270.0,-316.0,316.0
2022-12-26,6786,10066,16852,-3280,12139,8859,20998,3280,18925.0,-1058.0,-716.0,716.0
2022-12-27,6766,10862,17628,-4096,15569,11473,27042,4096,22335.0,3410.0,816.0,-816.0
2022-12-28,6801,10417,17218,-3616,20044,16428,36472,3616,26845.0,4510.0,-480.0,480.0
2022-12-29,6131,10443,16574,-4312,22298,17986,40284,4312,28429.0,1584.0,696.0,-696.0
2022-12-30,5542,11004,16546,-5462,20425,14963,35388,5462,25967.0,-2462.0,1150.0,-1150.0
2023-01-03,6092,11721,17813,-5629,21054,15425,36479,5629,27146.0,1179.0,167.0,-167.0
2023-01-04,5756,11791,17547,-6035,21310,15275,36585,6035,27066.0,-80.0,406.0,-406.0
2023-01-05,5670,11535,17205,-5865,21172,15307,36479,5865,26842.0,-224.0,-170.0,170.0
2023-01-06,5870,11268,17138,-5398,21051,15653,36704,5398,26921.0,79.0,-467.0,467.0
2023-01-09,6407,10898,17305,-4491,20388,15897,36285,4491,26795.0,-126.0,-907.0,907.0
2023-01-10,6634,10830,17464,-4196,19481,15285,34766,4196,26115.0,-680.0,-295.0,295.0
2023-01-11,6446,10241,16687,-3795,19607,15812,35419,3795,26053.0,-62.0,-401.0,401.0
2023-01-12,7184,9615,16799,-2431,16587,14156,30743,2431,23771.0,-2282.0,-1364.0,1364.0
2023-01-13,6262,10424,16686,-4162,16591,12429,29020,4162,22853.0,-918.0,1731.0,-1731.0
2023-01-16,6186,10878,17064,-4692,17380,12688,30068,4692,23566.0,713.0,530.0,-530.0
2023-01-17,5843,10569,16412,-4726,16885,12159,29044,4726,22728.0,-838.0,34.0,-34.0
2023-01-18,5748,10236,15984,-4488,17364,12876,30240,4488,23112.0,384.0,-238.0,238.0
2023-01-19,5713,11525,17238,-5812,18860,13048,31908,5812,24573.0,1461.0,1324.0,-1324.0
2023-01-20,5406,11328,16734,-5922,18890,12968,31858,5922,24296.0,-277.0,110.0,-110.0
2023-01-23,5530,11854,17384,-6324,19504,13180,32684,6324,25034.0,738.0,402.0,-402.0
2023-01-24,5975,12196,18171,-6221,19478,13257,32735,6221,25453.0,419.0,-103.0,103.0
2023-01-25,6009,12311,18320,-6302,17191,10889,28080,6302,23200.0,-2253.0,81.0,-81.0
2023-01-26,5873,12440,18313,-6567,17179,10612,27791,6567,23052.0,-148.0,265.0,-265.0
2023-01-27,5883,12493,18376,-6610,17398,10788,28186,6610,23281.0,229.0,43.0,-43.0
2023-01-30,6161,12833,18994,-6672,17610,10938,28548,6672,23771.0,490.0,62.0,-62.0
2023-01-31,6323,14320,20643,-7997,18925,10928,29853,7997,25248.0,1477.0,1325.0,-1325.0
2023-02-01,6347,14145,20492,-7798,19428,11630,31058,7798,25775.0,527.0,-199.0,199.0
2023-02-02,6766,13549,20315,-6783,18181,11398,29579,6783,24947.0,-828.0,-1015.0,1015.0
2023-02-03,6084,13274,19358,-7190,17794,10604,28398,7190,23878.0,-1069.0,407.0,-407.0
2023-02-06,6266,13912,20178,-7646,17715,10069,27784,7646,23981.0,103.0,456.0,-456.0
2023-02-07,7164,13819,20983,-6655,17085,10430,27515,6655,24249.0,268.0,-991.0,991.0
2023-02-08,7268,13526,20794,-6258,17386,11128,28514,6258,24654.0,405.0,-397.0,397.0
2023-02-09,7072,12106,19178,-5034,16825,11791,28616,5034,23897.0,-757.0,-1224.0,1224.0
2023-02-10,6954,12450,19404,-5496,17786,12290,30076,5496,24740.0,843.0,462.0,-462.0
2023-02-13,6509,12549,19058,-6040,20277,14237,34514,6040,26786.0,2046.0,544.0,-544.0
2023-02-14,6239,10842,17081,-4603,23709,19106,42815,4603,29948.0,3162.0,-1437.0,1437.0
2023-02-15,7436,10638,18074,-3202,25252,22050,47302,3202,32688.0,2740.0,-1401.0,1401.0
2023-02-16,7881,10695,18576,-2814,25083,22269,47352,2814,32964.0,276.0,-388.0,388.0
2023-02-17,6966,10865,17831,-3899,24474,20575,45049,3899,31440.0,-1524.0,1085.0,-1085.0
2023-02-20,7207,10611,17818,-3404,23791,20387,44178,3404,30998.0,-442.0,-495.0,495.0
2023-02-21,7032,10937,17969,-3905,23940,20035,43975,3905,30972.0,-26.0,501.0,-501.0
2023-02-22,6822,8945,15767,-2123,23778,21655,45433,2123,30600.0,-372.0,-1782.0,1782.0
2023-02-24,6509,8950,15459,-2441,23755,21314,45069,2441,30264.0,-336.0,318.0,-318.0
2023-02-27,7321,9043,16364,-1722,22074,20352,42426,1722,29395.0,-869.0,-719.0,719.0
2023-02-28,7381,8961,16342,-1580,22093,20513,42606,1580,29474.0,79.0,-142.0,142.0
2023-03-01,6268,9522,15790,-3254,22319,19065,41384,3254,28587.0,-887.0,1674.0,-1674.0
2023-03-02,6563,8860,15423,-2297,22566,20269,42835,2297,29129.0,542.0,-957.0,957.0
2023-03-03,6175,8891,15066,-2716,22708,19992,42700,2716,28883.0,-246.0,419.0,-419.0
2023-03-06,6300,9190,15490,-2890,24332,21442,45774,2890,30632.0,1749.0,174.0,-174.0
2023-03-07,6689,8958,15647,-2269,24948,22679,47627,2269,31637.0,1005.0,-621.0,621.0
2023-03-09,7220,9874,17094,-2654,24515,21861,46376,2654,31735.0,98.0,385.0,-385.0
2023-03-10,6844,9764,16608,-2920,25023,22103,47126,2920,31867.0,132.0,266.0,-266.0
2023-03-13,6966,8599,15565,-1633,27210,25577,52787,1633,34176.0,2309.0,-1287.0,1287.0
2023-03-14,7423,9213,16636,-1790,27510,25720,53230,1790,34933.0,757.0,157.0,-157.0
2023-03-15,6869,9778,16647,-2909,27759,24850,52609,2909,34628.0,-305.0,1119.0,-1119.0
2023-03-16,5392,7223,12615,-1831,8200,6369,14569,1831,13592.0,-21036.0,-1078.0,1078.0
2023-03-17,7041,9162,16203,-2121,9602,7481,17083,2121,16643.0,3051.0,290.0,-290.0
2023-03-20,8018,10052,18070,-2034,7344,5310,12654,2034,15362.0,-1281.0,-87.0,87.0
2023-03-21,8667,10296,18963,-1629,7229,5600,12829,1629,15896.0,534.0,-405.0,405.0
2023-03-22,8870,10496,19366,-1626,6969,5343,12312,1626,15839.0,-57.0,-3.0,3.0
2023-03-23,8495,9852,18347,-1357,7595,6238,13833,1357,16090.0,251.0,-269.0,269.0
2023-03-24,8386,9355,17741,-969,7607,6638,14245,969,15993.0,-97.0,-388.0,388.0
2023-03-27,9202,11068,20270,-1866,9219,7353,16572,1866,18421.0,2428.0,897.0,-897.0
2023-03-28,9459,10824,20283,-1365,9190,7825,17015,1365,18649.0,228.0,-501.0,501.0
2023-03-29,9148,11952,21100,-2804,11600,8796,20396,2804,20748.0,2099.0,1439.0,-1439.0
2023-03-30,8999,12344,21343,-3345,12829,9484,22313,3345,21828.0,1080.0,541.0,-541.0
2023-03-31,6913,10880,17793,-3967,13148,9181,22329,3967,20061.0,-1767.0,622.0,-622.0
2023-04-03,7672,11846,19518,-4174,15282,11108,26390,4174,22954.0,2893.0,207.0,-207.0
2023-04-04,7899,13902,21801,-6003,16177,10174,26351,6003,24076.0,1122.0,1829.0,-1829.0
2023-04-05,7777,14415,22192,-6638,18269,11631,29900,6638,26046.0,1970.0,635.0,-635.0
2023-04-06,7041,16640,23681,-9599,20895,11296,32191,9599,27936.0,1890.0,2961.0,-2961.0
2023-04-07,6628,16741,23369,-10113,21567,11454,33021,10113,28195.0,259.0,514.0,-514.0
2023-04-10,7591,16987,24578,-9396,19709,10313,30022,9396,27300.0,-895.0,-717.0,717.0
2023-04-11,8330,16874,25204,-8544,18604,10060,28664,8544,26934.0,-366.0,-852.0,852.0
2023-04-12,8225,17002,25227,-8777,18573,9796,28369,8777,26798.0,-136.0,233.0,-233.0
2023-04-13,7836,17758,25594,-9922,19433,9511,28944,9922,27269.0,471.0,1145.0,-1145.0
2023-04-14,8142,17755,25897,-9613,19356,9743,29099,9613,27498.0,229.0,-309.0,309.0
2023-04-17,8059,17501,25560,-9442,21968,12526,34494,9442,30027.0,2529.0,-171.0,171.0
2023-04-18,8353,17500,25853,-9147,25762,16615,42377,9147,34115.0,4088.0,-295.0,295.0
2023-04-19,8368,17528,25896,-9160,27732,18572,46304,9160,36100.0,1985.0,13.0,-13.0
2023-04-20,9355,16165,25520,-6810,28177,21367,49544,6810,37532.0,1432.0,-2350.0,2350.0
2023-04-21,9687,16618,26305,-6931,29882,22951,52833,6931,39569.0,2037.0,121.0,-121.0
2023-04-24,9777,16680,26457,-6903,30116,23213,53329,6903,39893.0,324.0,-28.0,28.0
2023-04-25,9080,16626,25706,-7546,31240,23694,54934,7546,40320.0,427.0,643.0,-643.0
2023-04-26,8727,17632,26359,-8905,32416,23511,55927,8905,41143.0,823.0,1359.0,-1359.0
2023-04-27,8802,18269,27071,-9467,33449,23982,57431,9467,42251.0,1108.0,562.0,-562.0
2023-04-28,7784,18402,26186,-10618,34594,23976,58570,10618,42378.0,127.0,1151.0,-1151.0
2023-05-02,8046,18454,26500,-10408,34167,23759,57926,10408,42213.0,-165.0,-210.0,210.0
2023-05-03,7899,19659,27558,-11760,35535,23775,59310,11760,43434.0,1221.0,1352.0,-1352.0
2023-05-04,8108,18458,26566,-10350,34858,24508,59366,10350,42966.0,-468.0,-1410.0,1410.0
2023-05-05,7782,17275,25057,-9493,33452,23959,57411,9493,41234.0,-1732.0,-857.0,857.0
2023-05-08,8441,19246,27687,-10805,34649,23844,58493,10805,43090.0,1856.0,1312.0,-1312.0
2023-05-10,7886,16816,24702,-8930,32949,24019,56968,8930,40835.0,-2255.0,-1875.0,1875.0
2023-05-11,8993,19957,28950,-10964,36066,25102,61168,10964,45059.0,4224.0,2034.0,-2034.0
2023-05-12,8606,18938,27544,-10332,37164,26832,63996,10332,45770.0,711.0,-632.0,632.0
2023-05-15,8914,19522,28436,-10608,38818,28210,67028,10608,47732.0,1962.0,276.0,-276.0
2023-05-16,7852,20566,28418,-12714,40776,28062,68838,12714,48628.0,896.0,2106.0,-2106.0
2023-05-17,7552,20476,28028,-12924,42723,29799,72522,12924,50275.0,1647.0,210.0,-210.0
2023-05-18,7180,19620,26800,-12440,44266,31826,76092,12440,51446.0,1171.0,-484.0,484.0
2023-05-19,6615,19607,26222,-12992,44441,31449,75890,12992,51056.0,-390.0,552.0,-552.0
2023-05-22,6300,19571,25871,-13271,45234,31963,77197,13271,51534.0,478.0,279.0,-279.0
2023-05-23,7039,19755,26794,-12716,41931,29215,71146,12716,48970.0,-2564.0,-555.0,555.0
2023-05-24,8268,19538,27806,-11270,40770,29500,70270,11270,49038.0,68.0,-1446.0,1446.0
2023-05-25,8326,18809,27135,-10483,41434,30951,72385,10483,49760.0,722.0,-787.0,787.0
2023-05-26,9168,21233,30401,-12065,41899,29834,71733,12065,51067.0,1307.0,1582.0,-1582.0
2023-05-29,9688,22977,32665,-13289,42318,29029,71347,13289,52006.0,939.0,1224.0,-1224.0
2023-05-30,9103,22949,32052,-13846,42501,28655,71156,13846,51604.0,-402.0,557.0,-557.0
2023-05-31,9591,22678,32269,-13087,42683,29596,72279,13087,52274.0,670.0,-759.0,759.0
2023-06-01,10267,23438,33705,-13171,42909,29738,72647,13171,53176.0,902.0,84.0,-84.0
2023-06-02,10701,23728,34429,-13027,43357,30330,73687,13027,54058.0,882.0,-144.0,144.0
2023-06-05,10334,24679,35013,-14345,42896,28551,71447,14345,53230.0,-828.0,1318.0,-1318.0
2023-06-06,9331,22300,31631,-12969,43411,30442,73853,12969,52742.0,-488.0,-1376.0,1376.0
2023-06-07,9858,23502,33360,-13644,44815,31171,75986,13644,54673.0,1931.0,675.0,-675.0
2023-06-08,10256,24630,34886,-14374,45401,31027,76428,14374,55657.0,984.0,730.0,-730.0
2023-06-09,10486,26354,36840,-15868,47879,32011,79890,15868,58365.0,2708.0,1494.0,-1494.0
2023-06-13,11262,27842,39104,-16580,50960,34380,85340,16580,62222.0,3857.0,712.0,-712.0
2023-06-14,10420,29216,39636,-18796,56322,37526,93848,18796,66742.0,4520.0,2216.0,-2216.0
2023-06-15,5444,25523,30967,-20079,38581,18502,57083,20079,44025.0,-22717.0,1283.0,-1283.0
2023-06-16,6620,31019,37639,-24399,44607,20208,64815,24399,51227.0,7202.0,4320.0,-4320.0
2023-06-19,8855,35686,44541,-26831,46000,19169,65169,26831,54855.0,3628.0,2432.0,-2432.0
2023-06-20,7709,37985,45694,-30276,48793,18517,67310,30276,56502.0,1647.0,3445.0,-3445.0
2023-06-21,8601,38985,47586,-30384,50137,19753,69890,30384,58738.0,2236.0,108.0,-108.0
2023-06-22,7973,40145,48118,-32172,52492,20320,72812,32172,60465.0,1727.0,1788.0,-1788.0
2023-06-23,7404,39169,46573,-31765,49564,17799,67363,31765,56968.0,-3497.0,-407.0,407.0
2023-06-26,8905,32896,41801,-23991,49627,25636,75263,23991,58532.0,1564.0,-7774.0,7774.0
2023-06-27,9145,35926,45071,-26781,53335,26554,79889,26781,62480.0,3948.0,2790.0,-2790.0
2023-06-28,8207,38341,46548,-30134,55092,24958,80050,30134,63299.0,819.0,3353.0,-3353.0
2023-06-29,9233,40329,49562,-31096,54205,23109,77314,31096,63438.0,139.0,962.0,-962.0
2023-06-30,9656,49069,58725,-39413,59595,20182,79777,39413,69251.0,5813.0,8317.0,-8317.0
2023-07-03,9586,52724,62310,-43138,62629,19491,82120,43138,72215.0,2964.0,3725.0,-3725.0
2023-07-04,9720,55571,65291,-45851,65121,19270,84391,45851,74841.0,2626.0,2713.0,-2713.0
2023-07-05,9528,59757,69285,-50229,69504,19275,88779,50229,79032.0,4191.0,4378.0,-4378.0
2023-07-06,10413,60936,71349,-50523,69960,19437,89397,50523,80373.0,1341.0,294.0,-294.0
2023-07-07,11005,61631,72636,-50626,70008,19382,89390,50626,81013.0,640.0,103.0,-103.0
2023-07-10,11241,62603,73844,-51362,70071,18709,88780,51362,81312.0,299.0,736.0,-736.0
2023-07-11,11491,62954,74445,-51463,69315,17852,87167,51463,80806.0,-506.0,101.0,-101.0
2023-07-12,11783,66046,77829,-54263,69182,14919,84101,54263,80965.0,159.0,2800.0,-2800.0
2023-07-13,12277,62493,74770,-50216,64025,13809,77834,50216,76302.0,-4663.0,-4047.0,4047.0
2023-07-14,12632,62057,74689,-49425,62563,13138,75701,49425,75195.0,-1107.0,-791.0,791.0
2023-07-17,13247,61965,75212,-48718,60921,12203,73124,48718,74168.0,-1027.0,-707.0,707.0
2023-07-18,12827,59837,72664,-47010,58696,11686,70382,47010,71523.0,-2645.0,-1708.0,1708.0
2023-07-19,12737,59191,71928,-46454,57299,10845,68144,46454,70036.0,-1487.0,-556.0,556.0
2023-07-20,13433,60957,74390,-47524,57021,9497,66518,47524,70454.0,418.0,1070.0,-1070.0
2023-07-21,13862,60863,74725,-47001,55510,8509,64019,47001,69372.0,-1082.0,-523.0,523.0
2023-07-24,14223,60302,74525,-46079,54655,8576,63231,46079,68878.0,-494.0,-922.0,922.0
2023-07-25,13724,60074,73798,-46350,56003,9653,65656,46350,69727.0,849.0,271.0,-271.0
2023-07-26,14436,59577,74013,-45141,55646,10505,66151,45141,70082.0,355.0,-1209.0,1209.0
2023-07-27,14229,57523,71752,-43294,55505,12211,67716,43294,69734.0,-348.0,-1847.0,1847.0
2023-07-28,13928,56659,70587,-42731,54058,11327,65385,42731,67986.0,-1748.0,-563.0,563.0
2023-07-31,14800,53324,68124,-38524,51072,12548,63620,38524,65872.0,-2114.0,-4207.0,4207.0
2023-08-01,16305,50585,66890,-34280,48633,14353,62986,34280,64938.0,-934.0,-4244.0,4244.0
2023-08-02,15741,49858,65599,-34117,45549,11432,56981,34117,61290.0,-3648.0,-163.0,163.0
2023-08-03,15673,51467,67140,-35794,46925,11131,58056,35794,62598.0,1308.0,1677.0,-1677.0
2023-08-04,15666,53362,69028,-37696,47712,10016,57728,37696,63378.0,780.0,1902.0,-1902.0
2023-08-07,14531,56818,71349,-42287,52682,10395,63077,42287,67213.0,3835.0,4591.0,-4591.0
2023-08-08,14705,58512,73217,-43807,53567,9760,63327,43807,68272.0,1059.0,1520.0,-1520.0
2023-08-09,15046,60427,75473,-45381,55151,9770,64921,45381,70197.0,1925.0,1574.0,-1574.0
2023-08-10,16311,57002,73313,-40691,50420,9729,60149,40691,66731.0,-3466.0,-4690.0,4690.0
2023-08-11,16024,57036,73060,-41012,50850,9838,60688,41012,66874.0,143.0,321.0,-321.0
2023-08-14,13877,55330,69207,-41453,49950,8497,58447,41453,63827.0,-3047.0,441.0,-441.0
2023-08-15,13391,55746,69137,-42355,52624,10269,62893,42355,66015.0,2188.0,902.0,-902.0
2023-08-16,15188,52165,67353,-36977,48134,11157,59291,36977,63322.0,-2693.0,-5378.0,5378.0
2023-08-17,15538,52896,68434,-37358,48622,11264,59886,37358,64160.0,838.0,381.0,-381.0
2023-08-18,15174,52269,67443,-37095,48443,11348,59791,37095,63617.0,-543.0,-263.0,263.0
2023-08-21,16188,51407,67595,-35219,46906,11687,58593,35219,63094.0,-523.0,-1876.0,1876.0
2023-08-22,16652,53476,70128,-36824,49657,12833,62490,36824,66309.0,3215.0,1605.0,-1605.0
2023-08-23,16745,55082,71827,-38337,53877,15540,69417,38337,70622.0,4313.0,1513.0,-1513.0
2023-08-24,17844,56993,74837,-39149,55522,16373,71895,39149,73366.0,2744.0,812.0,-812.0
2023-08-25,18963,57277,76240,-38314,54277,15963,70240,38314,73240.0,-126.0,-835.0,835.0
2023-08-28,19658,57086,76744,-37428,49740,12312,62052,37428,69398.0,-3842.0,-886.0,886.0
2023-08-29,19886,57474,77360,-37588,48308,10720,59028,37588,68194.0,-1204.0,160.0,-160.0
2023-08-30,20066,57859,77925,-37793,48822,11029,59851,37793,68888.0,694.0,205.0,-205.0
2023-08-31,21143,57912,79055,-36769,47441,10672,58113,36769,68584.0,-304.0,-1024.0,1024.0
2023-09-01,20732,55863,76595,-35131,45583,10452,56035,35131,66315.0,-2269.0,-1638.0,1638.0
2023-09-04,21358,54263,75621,-32905,43059,10154,53213,32905,64417.0,-1898.0,-2226.0,2226.0
2023-09-05,22688,53566,76254,-30878,41554,10676,52230,30878,64242.0,-175.0,-2027.0,2027.0
2023-09-06,21290,52042,73332,-30752,41796,11044,52840,30752,63086.0,-1156.0,-126.0,126.0
2023-09-07,23378,52805,76183,-29427,41639,12212,53851,29427,65017.0,1931.0,-1325.0,1325.0
2023-09-08,22881,53904,76785,-31023,48606,17583,66189,31023,71487.0,6470.0,1596.0,-1596.0
2023-09-11,24004,52863,76867,-28859,55577,26718,82295,28859,79581.0,8094.0,-2164.0,2164.0
2023-09-12,24196,51933,76129,-27737,54395,26658,81053,27737,78591.0,-990.0,-1122.0,1122.0
2023-09-13,24172,52810,76982,-28638,56297,27659,83956,28638,80469.0,1878.0,901.0,-901.0
2023-09-14,25162,50584,75746,-25422,53839,28417,82256,25422,79001.0,-1468.0,-3216.0,3216.0
2023-09-15,25781,50988,76769,-25207,59338,34131,93469,25207,85119.0,6118.0,-215.0,215.0
2023-09-18,25113,50330,75443,-25217,56792,31575,88367,25217,81905.0,-3214.0,10.0,-10.0
2023-09-19,24901,46402,71303,-21501,54651,33150,87801,21501,79552.0,-2353.0,-3716.0,3716.0
2023-09-20,23778,46280,70058,-22502,51083,28581,79664,22502,74861.0,-4691.0,1001.0,-1001.0
2023-09-21,15514,39539,55053,-24025,45279,21254,66533,24025,60793.0,-14068.0,1523.0,-1523.0
2023-09-22,20852,41908,62760,-21056,43990,22934,66924,21056,64842.0,4049.0,-2969.0,2969.0
2023-09-25,21431,42627,64058,-21196,44543,23347,67890,21196,65974.0,1132.0,140.0,-140.0
2023-09-26,22889,44093,66982,-21204,44782,23578,68360,21204,67671.0,1697.0,8.0,-8.0
2023-09-27,24051,45228,69279,-21177,44759,23582,68341,21177,68810.0,1139.0,-27.0,27.0
2023-09-28,25017,45718,70735,-20701,45454,24753,70207,20701,70471.0,1661.0,-476.0,476.0
2023-09-29,25475,44682,70157,-19207,42544,23337,65881,19207,68019.0,-2452.0,-1494.0,1494.0
2023-10-02,27056,45629,72685,-18573,42099,23526,65625,18573,69155.0,1136.0,-634.0,634.0
2023-10-03,28167,45575,73742,-17408,42925,25517,68442,17408,71092.0,1937.0,-1165.0,1165.0
2023-10-04,28399,44111,72510,-15712,42921,27209,70130,15712,71320.0,228.0,-1696.0,1696.0
2023-10-05,26202,44385,70587,-18183,41447,23264,64711,18183,67649.0,-3671.0,2471.0,-2471.0
2023-10-06,25553,43204,68757,-17651,40509,22858,63367,17651,66062.0,-1587.0,-532.0,532.0
2023-10-09,25314,42171,67485,-16857,39449,22592,62041,16857,64763.0,-1299.0,-794.0,794.0
2023-10-10,25948,43073,69021,-17125,41658,24533,66191,17125,67606.0,2843.0,268.0,-268.0
2023-10-11,26460,42554,69014,-16094,43330,27236,70566,16094,69790.0,2184.0,-1031.0,1031.0
2023-10-12,26628,41269,67897,-14641,41698,27057,68755,14641,68326.0,-1464.0,-1453.0,1453.0
2023-10-13,26745,43075,69820,-16330,43826,27496,71322,16330,70571.0,2245.0,1689.0,-1689.0
2023-10-16,30049,44716,74765,-14667,42193,27526,69719,14667,72242.0,1671.0,-1663.0,1663.0
2023-10-17,27598,45545,73143,-17947,38111,20164,58275,17947,65709.0,-6533.0,3280.0,-3280.0
2023-10-18,26546,44119,70665,-17573,38237,20664,58901,17573,64783.0,-926.0,-374.0,374.0
2023-10-19,26888,45216,72104,-18328,39363,21035,60398,18328,66251.0,1468.0,755.0,-755.0
2023-10-20,28637,45933,74570,-17296,40530,23234,63764,17296,69167.0,2916.0,-1032.0,1032.0
2023-10-23,29598,44681,74279,-15083,38786,23703,62489,15083,68384.0,-783.0,-2213.0,2213.0
2023-10-24,28660,44819,73479,-16159,40860,24701,65561,16159,69520.0,1136.0,1076.0,-1076.0
2023-10-25,27232,44731,71963,-17499,42760,25261,68021,17499,69992.0,472.0,1340.0,-1340.0
2023-10-26,26661,45443,72104,-18782,44290,25508,69798,18782,70951.0,959.0,1283.0,-1283.0
2023-10-27,27401,47353,74754,-19952,45319,25367,70686,19952,72720.0,1769.0,1170.0,-1170.0
2023-10-30,27090,46711,73801,-19621,45229,25608,70837,19621,72319.0,-401.0,-331.0,331.0
2023-10-31,27304,45966,73270,-18662,44147,25485,69632,18662,71451.0,-868.0,-959.0,959.0
2023-11-01,27076,45731,72807,-18655,44706,26051,70757,18655,71782.0,331.0,-7.0,7.0
2023-11-02,27161,44552,71713,-17391,43549,26158,69707,17391,70710.0,-1072.0,-1264.0,1264.0
2023-11-03,27310,46381,73691,-19071,45023,25952,70975,19071,72333.0,1623.0,1680.0,-1680.0
2023-11-06,27051,46764,73815,-19713,45390,25677,71067,19713,72441.0,108.0,642.0,-642.0
2023-11-07,27619,46492,74111,-18873,45022,26149,71171,18873,72641.0,200.0,-840.0,840.0
2023-11-08,26909,45241,72150,-18332,43984,25652,69636,18332,70893.0,-1748.0,-541.0,541.0
2023-11-09,26157,43697,69854,-17540,41441,23901,65342,17540,67598.0,-3295.0,-792.0,792.0
2023-11-10,26120,43673,69793,-17553,41475,23922,65397,17553,67595.0,-3.0,13.0,-13.0
2023-11-13,25614,43102,68716,-17488,40983,23495,64478,17488,66597.0,-998.0,-65.0,65.0
2023-11-14,25650,42415,68065,-16765,40391,23626,64017,16765,66041.0,-556.0,-723.0,723.0
2023-11-15,27613,42810,70423,-15197,40697,25500,66197,15197,68310.0,2269.0,-1568.0,1568.0
2023-11-16,27709,42172,69881,-14463,39730,25267,64997,14463,67439.0,-871.0,-734.0,734.0
2023-11-17,26911,42015,68926,-15104,39579,24475,64054,15104,66490.0,-949.0,641.0,-641.0
2023-11-20,25314,40462,65776,-15148,39608,24460,64068,15148,64922.0,-1568.0,44.0,-44.0
2023-11-21,25818,40243,66061,-14425,40120,25695,65815,14425,65938.0,1016.0,-723.0,723.0
2023-11-22,26311,39419,65730,-13108,39775,26667,66442,13108,66086.0,148.0,-1317.0,1317.0
2023-11-23,27527,39670,67197,-12143,40073,27930,68003,12143,67600.0,1514.0,-965.0,965.0
2023-11-24,26460,39526,65986,-13066,37726,24660,62386,13066,64186.0,-3414.0,923.0,-923.0
2023-11-27,27032,39551,66583,-12519,36986,24467,61453,12519,64018.0,-168.0,-547.0,547.0
2023-11-28,27398,38649,66047,-11251,35718,24467,60185,11251,63116.0,-902.0,-1268.0,1268.0
2023-11-29,26532,38508,65040,-11976,35910,23934,59844,11976,62442.0,-674.0,725.0,-725.0
2023-11-30,27323,35608,62931,-8285,35880,27595,63475,8285,63203.0,761.0,-3691.0,3691.0
2023-12-01,27511,34789,62300,-7278,36194,28916,65110,7278,63705.0,502.0,-1007.0,1007.0
2023-12-04,27930,34572,62502,-6642,36448,29806,66254,6642,64378.0,673.0,-636.0,636.0
2023-12-05,27745,35882,63627,-8137,39619,31482,71101,8137,67364.0,2986.0,1495.0,-1495.0
2023-12-06,27574,34696,62270,-7122,39483,32361,71844,7122,67057.0,-307.0,-1015.0,1015.0
2023-12-07,27701,33564,61265,-5863,40714,34851,75565,5863,68415.0,1358.0,-1259.0,1259.0
2023-12-08,27056,33657,60713,-6601,41220,34619,75839,6601,68276.0,-139.0,738.0,-738.0
2023-12-11,29302,32992,62294,-3690,40742,37052,77794,3690,70044.0,1768.0,-2911.0,2911.0
2023-12-12,29095,31323,60418,-2228,41433,39205,80638,2228,70528.0,484.0,-1462.0,1462.0
2023-12-13,29968,30841,60809,-873,40055,39182,79237,873,70023.0,-505.0,-1355.0,1355.0
2023-12-14,30410,31290,61700,-880,40419,39539,79958,880,70829.0,806.0,7.0,-7.0
2023-12-15,29358,29319,58677,39,37123,37162,74285,-39,66481.0,-4348.0,-919.0,919.0
2023-12-18,28835,31753,60588,-2918,36858,33940,70798,2918,65693.0,-788.0,2957.0,-2957.0
2023-12-19,27177,31859,59036,-4682,39112,34430,73542,4682,66289.0,596.0,1764.0,-1764.0
2023-12-20,25448,31914,57362,-6466,36879,30413,67292,6466,62327.0,-3962.0,1784.0,-1784.0
2023-12-21,6917,20684,27601,-13767,28041,14274,42315,13767,34958.0,-27369.0,7301.0,-7301.0
2023-12-22,8452,21352,29804,-12900,28197,15297,43494,12900,36649.0,1691.0,-867.0,867.0
2023-12-25,10091,21215,31306,-11124,29043,17919,46962,11124,39134.0,2485.0,-1776.0,1776.0
2023-12-26,10205,20908,31113,-10703,31608,20905,52513,10703,41813.0,2679.0,-421.0,421.0
2023-12-27,9881,21260,31141,-11379,32385,21006,53391,11379,42266.0,453.0,676.0,-676.0
2023-12-28,9297,20492,29789,-11195,33475,22280,55755,11195,42772.0,506.0,-184.0,184.0
2023-12-29,9136,20263,29399,-11127,32927,21800,54727,11127,42063.0,-709.0,-68.0,68.0
2024-01-03,10804,22808,33612,-12004,33301,21297,54598,12004,44105.0,2042.0,877.0,-877.0
2024-01-04,10664,23269,33933,-12605,33017,20412,53429,12605,43681.0,-424.0,601.0,-601.0
2024-01-05,11036,22516,33552,-11480,31982,20502,52484,11480,43018.0,-663.0,-1125.0,1125.0
2024-01-08,11101,24506,35607,-13405,32106,18701,50807,13405,43207.0,189.0,1925.0,-1925.0
2024-01-09,11341,24427,35768,-13086,30556,17470,48026,13086,41897.0,-1310.0,-319.0,319.0
2024-01-10,11245,24667,35912,-13422,30948,17526,48474,13422,42193.0,296.0,336.0,-336.0
2024-01-11,11372,25317,36689,-13945,31907,17962,49869,13945,43279.0,1086.0,523.0,-523.0
2024-01-12,11195,25839,37034,-14644,32555,17911,50466,14644,43750.0,471.0,699.0,-699.0
2024-01-15,11522,25958,37480,-14436,33623,19187,52810,14436,45145.0,1395.0,-208.0,208.0
2024-01-16,11293,24917,36210,-13624,34314,20690,55004,13624,45607.0,462.0,-812.0,812.0
2024-01-17,11030,25173,36203,-14143,34428,20285,54713,14143,45458.0,-149.0,519.0,-519.0
2024-01-18,11027,25375,36402,-14348,34364,20016,54380,14348,45391.0,-67.0,205.0,-205.0
2024-01-19,10735,24974,35709,-14239,35001,20762,55763,14239,45736.0,345.0,-109.0,109.0
2024-01-22,10898,24643,35541,-13745,34717,20972,55689,13745,45615.0,-121.0,-494.0,494.0
2024-01-23,10937,24570,35507,-13633,34113,20480,54593,13633,45050.0,-565.0,-112.0,112.0
2024-01-24,11321,25561,36882,-14240,35907,21667,57574,14240,47228.0,2178.0,607.0,-607.0
2024-01-25,11347,24619,35966,-13272,35715,22443,58158,13272,47062.0,-166.0,-968.0,968.0
2024-01-26,11050,23984,35034,-12934,35687,22753,58440,12934,46737.0,-325.0,-338.0,338.0
2024-01-29,11534,23717,35251,-12183,36377,24194,60571,12183,47911.0,1174.0,-751.0,751.0
2024-01-30,11821,22657,34478,-10836,40051,29215,69266,10836,51872.0,3961.0,-1347.0,1347.0
2024-01-31,11527,22900,34427,-11373,39615,28242,67857,11373,51142.0,-730.0,537.0,-537.0
2024-02-01,11632,24739,36371,-13107,40676,27569,68245,13107,52308.0,1166.0,1734.0,-1734.0
2024-02-02,11971,24502,36473,-12531,39909,27378,67287,12531,51880.0,-428.0,-576.0,576.0
2024-02-05,12124,24366,36490,-12242,40583,28341,68924,12242,52707.0,827.0,-289.0,289.0
2024-02-06,12535,24652,37187,-12117,40885,28768,69653,12117,53420.0,713.0,-125.0,125.0
2024-02-07,10766,25651,36417,-14885,43081,28196,71277,14885,53847.0,427.0,2768.0,-2768.0
2024-02-08,11049,24879,35928,-13830,42712,28882,71594,13830,53761.0,-86.0,-1055.0,1055.0
2024-02-09,10869,23865,34734,-12996,42406,29410,71816,12996,53275.0,-486.0,-834.0,834.0
2024-02-12,10331,23858,34189,-13527,42661,29134,71795,13527,52992.0,-283.0,531.0,-531.0
2024-02-13,10898,24014,34912,-13116,42619,29503,72122,13116,53517.0,525.0,-411.0,411.0
2024-02-14,11890,24355,36245,-12465,43192,30727,73919,12465,55082.0,1565.0,-651.0,651.0
2024-02-15,11338,24755,36093,-13417,44279,30862,75141,13417,55617.0,535.0,952.0,-952.0
2024-02-16,12208,24928,37136,-12720,44639,31919,76558,12720,56847.0,1230.0,-697.0,697.0
2024-02-19,11987,25587,37574,-13600,49166,35566,84732,13600,61153.0,4306.0,880.0,-880.0
2024-02-20,12499,25975,38474,-13476,50197,36721,86918,13476,62696.0,1543.0,-124.0,124.0
2024-02-21,15207,26031,41238,-10824,47490,36666,84156,10824,62697.0,1.0,-2652.0,2652.0
2024-02-22,14617,23722,38339,-9105,46686,37581,84267,9105,61303.0,-1394.0,-1719.0,1719.0
2024-02-26,15747,24206,39953,-8459,46070,37611,83681,8459,61817.0,514.0,-646.0,646.0
2024-02-27,14956,23830,38786,-8874,46949,38075,85024,8874,61905.0,88.0,415.0,-415.0
2024-02-28,15356,25147,40503,-9791,48635,38844,87479,9791,63991.0,2086.0,917.0,-917.0
2024-02-29,13950,21304,35254,-7354,47292,39938,87230,7354,61242.0,-2749.0,-2437.0,2437.0
2024-03-01,14281,20944,35225,-6663,46965,40302,87267,6663,61246.0,4.0,-691.0,691.0
2024-03-04,13647,22553,36200,-8906,49557,40651,90208,8906,63204.0,1958.0,2243.0,-2243.0
2024-03-05,14637,22954,37591,-8317,49868,41551,91419,8317,64505.0,1301.0,-589.0,589.0
2024-03-06,15994,23902,39896,-7908,50021,42113,92134,7908,66015.0,1510.0,-409.0,409.0
2024-03-07,15863,23681,39544,-7818,50944,43126,94070,7818,66807.0,792.0,-90.0,90.0
2024-03-11,16106,23671,39777,-7565,56269,48704,104973,7565,72375.0,5568.0,-253.0,253.0
2024-03-12,16674,24568,41242,-7894,55547,47653,103200,7894,72221.0,-154.0,329.0,-329.0
2024-03-13,16859,24680,41539,-7821,54068,46247,100315,7821,70927.0,-1294.0,-73.0,73.0
2024-03-14,15726,24335,40061,-8609,54873,46264,101137,8609,70599.0,-328.0,788.0,-788.0
2024-03-15,16252,24507,40759,-8255,58441,50186,108627,8255,74693.0,4094.0,-354.0,354.0
2024-03-18,16593,23438,40031,-6845,54284,47439,101723,6845,70877.0,-3816.0,-1410.0,1410.0
2024-03-19,16095,23625,39720,-7530,62622,55092,117714,7530,78717.0,7840.0,685.0,-685.0
2024-03-20,14340,24013,38353,-9673,59125,49452,108577,9673,73465.0,-5252.0,2143.0,-2143.0
2024-03-21,8529,17041,25570,-8512,44831,36319,81150,8512,53360.0,-20105.0,-1161.0,1161.0
2024-03-22,10919,18064,28983,-7145,44597,37452,82049,7145,55516.0,2156.0,-1367.0,1367.0
2024-03-25,14322,18408,32730,-4086,50823,46737,97560,4086,65145.0,9629.0,-3059.0,3059.0
2024-03-26,14488,17852,32340,-3364,52267,48903,101170,3364,66755.0,1610.0,-722.0,722.0
2024-03-27,14614,17724,32338,-3110,52943,49833,102776,3110,67557.0,802.0,-254.0,254.0
2024-03-28,14582,17291,31873,-2709,53223,50514,103737,2709,67805.0,248.0,-401.0,401.0
2024-03-29,15189,16814,32003,-1625,53054,51429,104483,1625,68243.0,438.0,-1084.0,1084.0
2024-04-01,15401,17698,33099,-2297,54787,52490,107277,2297,70188.0,1945.0,672.0,-672.0
2024-04-02,15604,17187,32791,-1583,54648,53065,107713,1583,70252.0,64.0,-714.0,714.0
2024-04-03,14563,18779,33342,-4216,56626,52410,109036,4216,71189.0,937.0,2633.0,-2633.0
2024-04-04,13336,20987,34323,-7651,59703,52052,111755,7651,73039.0,1850.0,3435.0,-3435.0
2024-04-05,13108,20168,33276,-7060,60023,52963,112986,7060,73131.0,92.0,-591.0,591.0
2024-04-08,12635,19663,32298,-7028,60519,53491,114010,7028,73154.0,23.0,-32.0,32.0
2024-04-09,12403,18910,31313,-6507,63106,56599,119705,6507,75509.0,2355.0,-521.0,521.0
2024-04-10,12554,20463,33017,-7909,64746,56837,121583,7909,77300.0,1791.0,1402.0,-1402.0
2024-04-11,12891,21251,34142,-8360,64960,56600,121560,8360,77851.0,551.0,451.0,-451.0
2024-04-12,12811,21934,34745,-9123,65681,56558,122239,9123,78492.0,641.0,763.0,-763.0
2024-04-15,12160,21732,33892,-9572,66794,57222,124016,9572,78954.0,462.0,449.0,-449.0
2024-04-16,11992,22831,34823,-10839,68411,57572,125983,10839,80403.0,1449.0,1267.0,-1267.0
2024-04-17,11455,22821,34276,-11366,71194,59828,131022,11366,82649.0,2246.0,527.0,-527.0
2024-04-18,11439,22033,33472,-10594,71986,61392,133378,10594,83425.0,776.0,-772.0,772.0
2024-04-19,11688,21560,33248,-9872,73315,63443,136758,9872,85003.0,1578.0,-722.0,722.0
2024-04-22,12554,22162,34716,-9608,74641,65033,139674,9608,87195.0,2192.0,-264.0,264.0
2024-04-23,13993,21619,35612,-7626,79389,71763,151152,7626,93382.0,6187.0,-1982.0,1982.0
2024-04-24,14819,21340,36159,-6521,82610,76089,158699,6521,97429.0,4047.0,-1105.0,1105.0
2024-04-25,14978,19536,34514,-4558,86164,81606,167770,4558,101142.0,3713.0,-1963.0,1963.0
2024-04-26,14987,20053,35040,-5066,92298,87232,179530,5066,107285.0,6143.0,508.0,-508.0
2024-04-29,14859,18327,33186,-3468,92929,89461,182390,3468,107788.0,503.0,-1598.0,1598.0
2024-04-30,14385,18948,33333,-4563,94680,90117,184797,4563,109065.0,1277.0,1095.0,-1095.0
2024-05-02,14268,20343,34611,-6075,99066,92991,192057,6075,113334.0,4269.0,1512.0,-1512.0
2024-05-03,14653,20136,34789,-5483,99484,94001,193485,5483,114137.0,803.0,-592.0,592.0
2024-05-06,14651,21289,35940,-6638,105417,98779,204196,6638,120068.0,5931.0,1155.0,-1155.0
2024-05-07,14786,20553,35339,-5767,108634,102867,211501,5767,123420.0,3352.0,-871.0,871.0
2024-05-08,15616,21062,36678,-5446,109171,103725,212896,5446,124787.0,1367.0,-321.0,321.0
2024-05-10,15688,20441,36129,-4753,108703,103950,212653,4753,124391.0,-396.0,-693.0,693.0
2024-05-13,16457,19314,35771,-2857,108094,105237,213331,2857,124551.0,160.0,-1896.0,1896.0
2024-05-14,16747,20017,36764,-3270,112570,109300,221870,3270,129317.0,4766.0,413.0,-413.0
2024-05-15,15936,19817,35753,-3881,115981,112100,228081,3881,131917.0,2600.0,611.0,-611.0
2024-05-16,16268,18640,34908,-2372,116699,114327,231026,2372,132967.0,1050.0,-1509.0,1509.0
2024-05-17,15749,18378,34127,-2629,126080,123451,249531,2629,141829.0,8862.0,257.0,-257.0
2024-05-20,17963,21811,39774,-3848,132346,128498,260844,3848,150309.0,8480.0,1219.0,-1219.0
2024-05-21,19722,16525,36247,3197,141031,144228,285259,-3197,160753.0,10444.0,-7045.0,7045.0
2024-05-22,19338,17742,37080,1596,144208,145804,290012,-1596,163546.0,2793.0,1601.0,-1601.0
2024-05-23,19238,17203,36441,2035,143659,145694,289353,-2035,162897.0,-649.0,-439.0,439.0
2024-05-24,20580,18139,38719,2441,143942,146383,290325,-2441,164522.0,1625.0,-406.0,406.0
2024-05-27,22260,18329,40589,3931,139138,143069,282207,-3931,161398.0,-3124.0,-1490.0,1490.0
2024-05-28,20703,15733,36436,4970,138101,143071,281172,-4970,158804.0,-2594.0,-1039.0,1039.0
2024-05-29,21979,15859,37838,6120,132747,138867,271614,-6120,154726.0,-4078.0,-1150.0,1150.0
2024-05-30,23501,16452,39953,7049,137712,144761,282473,-7049,161213.0,6487.0,-929.0,929.0
2024-05-31,28223,15646,43869,12577,138957,151534,290491,-12577,167180.0,5967.0,-5528.0,5528.0
2024-06-03,29996,12220,42216,17776,134025,151801,285826,-17776,164021.0,-3159.0,-5199.0,5199.0
2024-06-04,25743,12048,37791,13695,140289,153984,294273,-13695,166032.0,2011.0,4081.0,-4081.0
2024-06-05,25432,12428,37860,13004,144250,157254,301504,-13004,169682.0,3650.0,691.0,-691.0
2024-06-06,23674,16851,40525,6823,149419,156242,305661,-6823,173093.0,3411.0,6181.0,-6181.0
2024-06-07,27618,12090,39708,15528,148601,164129,312730,-15528,176219.0,3126.0,-8705.0,8705.0
2024-06-10,25785,15147,40932,10638,153750,164388,318138,-10638,179535.0,3316.0,4890.0,-4890.0
2024-06-11,24887,18314,43201,6573,158233,164806,323039,-6573,183120.0,3585.0,4065.0,-4065.0
2024-06-13,24270,13871,38141,10399,159499,169898,329397,-10399,183769.0,649.0,-3826.0,3826.0
2024-06-14,27250,16913,44163,10337,156793,167130,323923,-10337,184043.0,274.0,62.0,-62.0
2024-06-17,27298,18425,45723,8873,160472,169345,329817,-8873,187770.0,3727.0,1464.0,-1464.0
2024-06-18,27792,19323,47115,8469,167346,175815,343161,-8469,195138.0,7368.0,404.0,-404.0
2024-06-19,27327,18008,45335,9319,177576,186895,364471,-9319,204903.0,9765.0,-850.0,850.0
2024-06-20,14640,14068,28708,572,33327,33899,67226,-572,47967.0,-156936.0,8747.0,-8747.0
2024-06-21,12913,12849,25762,64,39491,39555,79046,-64,52404.0,4437.0,508.0,-508.0
2024-06-24,13579,13340,26919,239,42922,43161,86083,-239,56501.0,4097.0,-175.0,175.0
2024-06-25,15176,12891,28067,2285,45537,47822,93359,-2285,60713.0,4212.0,-2046.0,2046.0
2024-06-26,16575,12710,29285,3865,46723,50588,97311,-3865,63298.0,2585.0,-1580.0,1580.0
2024-06-27,16982,12836,29818,4146,45921,50067,95988,-4146,62903.0,-395.0,-281.0,281.0
2024-06-28,16022,13275,29297,2747,46495,49242,95737,-2747,62517.0,-386.0,1399.0,-1399.0
2024-07-01,17042,14222,31264,2820,47172,49992,97164,-2820,64214.0,1697.0,-73.0,73.0
2024-07-02,16488,16856,33344,-368,47130,46762,93892,368,63618.0,-596.0,3188.0,-3188.0
2024-07-03,13875,15733,29608,-1858,48254,46396,94650,1858,62129.0,-1489.0,1490.0,-1490.0
2024-07-04,15953,16537,32490,-584,51790,51206,102996,584,67743.0,5614.0,-1274.0,1274.0
2024-07-05,15324,17613,32937,-2289,50345,48056,98401,2289,65669.0,-2074.0,1705.0,-1705.0
2024-07-08,15139,20486,35625,-5347,49579,44232,93811,5347,64718.0,-951.0,3058.0,-3058.0
2024-07-09,16668,20762,37430,-4094,49147,45053,94200,4094,65815.0,1097.0,-1253.0,1253.0
2024-07-10,20146,20510,40656,-364,50579,50215,100794,364,70725.0,4910.0,-3730.0,3730.0
2024-07-11,19339,17786,37125,1553,52628,54181,106809,-1553,71967.0,1242.0,-1917.0,1917.0
2024-07-12,17840,20527,38367,-2687,50761,48074,98835,2687,68601.0,-3366.0,4240.0,-4240.0
2024-07-15,20874,21431,42305,-557,52028,51471,103499,557,72902.0,4301.0,-2130.0,2130.0
2024-07-16,20969,18086,39055,2883,53468,56351,109819,-2883,74437.0,1535.0,-3440.0,3440.0
2024-07-17,20983,17256,38239,3727,55716,59443,115159,-3727,76699.0,2262.0,-844.0,844.0
2024-07-18,20883,19044,39927,1839,55723,57562,113285,-1839,76606.0,-93.0,1888.0,-1888.0
2024-07-19,20753,19422,40175,1331,53514,54845,108359,-1331,74267.0,-2339.0,508.0,-508.0
2024-07-22,22734,19007,41741,3727,49526,53253,102779,-3727,72260.0,-2007.0,-2396.0,2396.0
2024-07-23,21977,18751,40728,3226,48167,51393,99560,-3226,70144.0,-2116.0,501.0,-501.0
2024-07-24,23275,18927,42202,4348,44596,48944,93540,-4348,67871.0,-2273.0,-1122.0,1122.0
2024-07-25,23053,20915,43968,2138,41358,43496,84854,-2138,64411.0,-3460.0,2210.0,-2210.0
2024-07-26,21677,22698,44375,-1021,41481,40460,81941,1021,63158.0,-1253.0,3159.0,-3159.0
2024-07-29,21529,25368,46897,-3839,44688,40849,85537,3839,66217.0,3059.0,2818.0,-2818.0
2024-07-30,20475,26485,46960,-6010,45354,39344,84698,6010,65829.0,-388.0,2171.0,-2171.0
2024-07-31,22604,24505,47109,-1901,46514,44613,91127,1901,69118.0,3289.0,-4109.0,4109.0
2024-08-01,22769,24711,47480,-1942,46755,44813,91568,1942,69524.0,406.0,41.0,-41.0
2024-08-02,23952,28614,52566,-4662,50422,45760,96182,4662,74374.0,4850.0,2720.0,-2720.0
2024-08-05,26683,25389,52072,1294,54268,55562,109830,-1294,80951.0,6577.0,-5956.0,5956.0
2024-08-06,26576,21505,48081,5071,56595,61666,118261,-5071,83171.0,2220.0,-3777.0,3777.0
2024-08-07,26969,23871,50840,3098,58096,61194,119290,-3098,85065.0,1894.0,1973.0,-1973.0
2024-08-08,26561,24693,51254,1868,58678,60546,119224,-1868,85239.0,174.0,1230.0,-1230.0
2024-08-09,28024,21710,49734,6314,57081,63395,120476,-6314,85105.0,-134.0,-4446.0,4446.0
2024-08-12,28938,20894,49832,8044,57032,65076,122108,-8044,85970.0,865.0,-1730.0,1730.0
2024-08-13,29198,21888,51086,7310,51956,59266,111222,-7310,81154.0,-4816.0,734.0,-734.0
2024-08-14,31034,22580,53614,8454,49909,58363,108272,-8454,80943.0,-211.0,-1144.0,1144.0
2024-08-15,32910,24687,57597,8223,50407,58630,109037,-8223,83317.0,2374.0,231.0,-231.0
2024-08-16,32599,23143,55742,9456,49189,58645,107834,-9456,81788.0,-1529.0,-1233.0,1233.0
2024-08-19,36553,23376,59929,13177,47597,60774,108371,-13177,84150.0,2362.0,-3721.0,3721.0
2024-08-20,36995,23265,60260,13730,46862,60592,107454,-13730,83857.0,-293.0,-553.0,553.0
2024-08-21,39305,23906,63211,15399,49222,64621,113843,-15399,88527.0,4670.0,-1669.0,1669.0
2024-08-22,40800,22746,63546,18054,48461,66515,114976,-18054,89261.0,734.0,-2655.0,2655.0
2024-08-23,43599,20741,64340,22858,52606,75464,128070,-22858,96205.0,6944.0,-4804.0,4804.0
2024-08-26,35002,22459,57461,12543,52257,64800,117057,-12543,87259.0,-8946.0,10315.0,-10315.0
2024-08-27,36730,24059,60789,12671,53514,66185,119699,-12671,90244.0,2985.0,-128.0,128.0
2024-08-28,39414,20097,59511,19317,51553,70870,122423,-19317,90967.0,723.0,-6646.0,6646.0
2024-08-29,39881,21249,61130,18632,57776,76408,134184,-18632,97657.0,6690.0,685.0,-685.0
2024-08-30,45796,22891,68687,22905,62475,85380,147855,-22905,108271.0,10614.0,-4273.0,4273.0
2024-09-02,54827,24882,79709,29945,66572,96517,163089,-29945,121399.0,13128.0,-7040.0,7040.0
2024-09-03,49527,22018,71545,27509,65423,92932,158355,-27509,114950.0,-6449.0,2436.0,-2436.0
2024-09-04,45935,26902,72837,19033,66729,85762,152491,-19033,112664.0,-2286.0,8476.0,-8476.0
2024-09-05,40611,27756,68367,12855,63772,76627,140399,-12855,104383.0,-8281.0,6178.0,-6178.0
2024-09-06,39115,25361,64476,13754,61280,75034,136314,-13754,100395.0,-3988.0,-899.0,899.0
2024-09-09,42045,30247,72292,11798,62900,74698,137598,-11798,104945.0,4550.0,1956.0,-1956.0
2024-09-10,38534,29911,68445,8623,65251,73874,139125,-8623,103785.0,-1160.0,3175.0,-3175.0
2024-09-11,37599,31514,69113,6085,63300,69385,132685,-6085,100899.0,-2886.0,2538.0,-2538.0
2024-09-12,40383,36166,76549,4217,64568,68785,133353,-4217,104951.0,4052.0,1868.0,-1868.0
2024-09-13,39512,37649,77161,1863,66500,68363,134863,-1863,106012.0,1061.0,2354.0,-2354.0
2024-09-16,37191,33843,71034,3348,69103,72451,141554,-3348,106294.0,282.0,-1485.0,1485.0
2024-09-17,36993,30619,67612,6374,66669,73043,139712,-6374,103662.0,-2632.0,-3026.0,3026.0
2024-09-18,37095,29825,66920,7270,58097,65367,123464,-7270,95192.0,-8470.0,-896.0,896.0
2024-09-19,21106,19769,40875,1337,41297,42634,83931,-1337,62403.0,-32789.0,5933.0,-5933.0
2024-09-20,26058,21656,47714,4402,49966,54368,104334,-4402,76024.0,13621.0,-3065.0,3065.0
2024-09-23,29434,24979,54413,4455,48146,52601,100747,-4455,77580.0,1556.0,-53.0,53.0
2024-09-24,28165,28632,56797,-467,53609,53142,106751,467,81774.0,4194.0,4922.0,-4922.0
2024-09-25,26770,30595,57365,-3825,60594,56769,117363,3825,87364.0,5590.0,3358.0,-3358.0
2024-09-26,27297,27818,55115,-521,63813,63292,127105,521,91110.0,3746.0,-3304.0,3304.0
2024-09-27,29880,25025,54905,4855,59503,64358,123861,-4855,89383.0,-1727.0,-5376.0,5376.0
2024-09-30,30626,27534,58160,3092,61309,64401,125710,-3092,91935.0,2552.0,1763.0,-1763.0
2024-10-01,30865,31550,62415,-685,62335,61650,123985,685,93200.0,1265.0,3777.0,-3777.0
2024-10-02,37893,37085,74978,808,61490,62298,123788,-808,99383.0,6183.0,-1493.0,1493.0
2024-10-03,31873,37516,69389,-5643,62260,56617,118877,5643,94133.0,-5250.0,6451.0,-6451.0
2024-10-04,34120,35006,69126,-886,61714,60828,122542,886,95834.0,1701.0,-4757.0,4757.0
2024-10-07,31091,37833,68924,-6742,65363,58621,123984,6742,96454.0,620.0,5856.0,-5856.0
2024-10-08,33791,34018,67809,-227,64098,63871,127969,227,97889.0,1435.0,-6515.0,6515.0
2024-10-09,35215,37177,72392,-1962,64493,62531,127024,1962,99708.0,1819.0,1735.0,-1735.0
2024-10-10,34723,35516,70239,-793,64906,64113,129019,793,99629.0,-79.0,-1169.0,1169.0
2024-10-11,36557,32029,68586,4528,59070,63598,122668,-4528,95627.0,-4002.0,-5321.0,5321.0
2024-10-14,37139,29568,66707,7571,61094,68665,129759,-7571,98233.0,2606.0,-3043.0,3043.0
2024-10-15,36295,29536,65831,6759,67338,74097,141435,-6759,103633.0,5400.0,812.0,-812.0
2024-10-16,35331,29682,65013,5649,69032,74681,143713,-5649,104363.0,730.0,1110.0,-1110.0
2024-10-17,36338,30151,66489,6187,70167,76354,146521,-6187,106505.0,2142.0,-538.0,538.0
2024-10-18,36300,24939,61239,11361,69574,80935,150509,-11361,105874.0,-631.0,-5174.0,5174.0
2024-10-21,35728,25012,60740,10716,69432,80148,149580,-10716,105160.0,-714.0,645.0,-645.0
2024-10-22,36305,26655,62960,9650,69626,79276,148902,-9650,105931.0,771.0,1066.0,-1066.0
2024-10-23,37968,29176,67144,8792,69488,78280,147768,-8792,107456.0,1525.0,858.0,-858.0
2024-10-24,37405,33792,71197,3613,69972,73585,143557,-3613,107377.0,-79.0,5179.0,-5179.0
2024-10-25,46389,38688,85077,7701,78448,86149,164597,-7701,124837.0,17460.0,-4088.0,4088.0
2024-10-28,52794,35115,87909,17679,78049,95728,173777,-17679,130843.0,6006.0,-9978.0,9978.0
2024-10-29,53008,38308,91316,14700,81604,96304,177908,-14700,134612.0,3769.0,2979.0,-2979.0
2024-10-30,51986,42915,94901,9071,83072,92143,175215,-9071,135058.0,446.0,5629.0,-5629.0
2024-10-31,53201,41747,94948,11454,83949,95403,179352,-11454,137150.0,2092.0,-2383.0,2383.0
2024-11-01,51764,37185,88949,14579,81788,96367,178155,-14579,133552.0,-3598.0,-3125.0,3125.0
2024-11-05,51265,37893,89158,13372,84887,98259,183146,-13372,136152.0,2600.0,1207.0,-1207.0
2024-11-06,55660,40675,96335,14985,92157,107142,199299,-14985,147817.0,11665.0,-1613.0,1613.0
2024-11-07,56805,40344,97149,16461,91655,108116,199771,-16461,148460.0,643.0,-1476.0,1476.0
2024-11-08,57424,38340,95764,19084,96368,115452,211820,-19084,153792.0,5332.0,-2623.0,2623.0
2024-11-11,57445,39128,96573,18317,96871,115188,212059,-18317,154316.0,524.0,767.0,-767.0
2024-11-12,58893,37910,96803,20983,97386,118369,215755,-20983,156279.0,1963.0,-2666.0,2666.0
2024-11-13,60782,36369,97151,24413,98353,122766,221119,-24413,159135.0,2856.0,-3430.0,3430.0
2024-11-14,67747,38675,106422,29072,93791,122863,216654,-29072,161538.0,2403.0,-4659.0,4659.0
2024-11-15,68440,40293,108733,28147,95282,123429,218711,-28147,163722.0,2184.0,925.0,-925.0
2024-11-18,68507,32116,100623,36391,81308,117699,199007,-36391,149815.0,-13907.0,-8244.0,8244.0
2024-11-19,72744,35057,107801,37687,74050,111737,185787,-37687,146794.0,-3021.0,-1296.0,1296.0
2024-11-20,67049,37495,104544,29554,74531,104085,178616,-29554,141580.0,-5214.0,8133.0,-8133.0
2024-11-21,60293,33571,93864,26722,69827,96549,166376,-26722,130120.0,-11460.0,2832.0,-2832.0
2024-11-22,60454,35796,96250,24658,70698,95356,166054,-24658,131152.0,1032.0,2064.0,-2064.0
2024-11-25,64156,35531,99687,28625,74447,103072,177519,-28625,138603.0,7451.0,-3967.0,3967.0
2024-11-26,66262,32281,98543,33981,70345,104326,174671,-33981,136607.0,-1996.0,-5356.0,5356.0
2024-11-27,69882,37690,107572,32192,74456,106648,181104,-32192,144338.0,7731.0,1789.0,-1789.0
2024-11-28,68294,33716,102010,34578,71210,105788,176998,-34578,139504.0,-4834.0,-2386.0,2386.0
2024-11-29,69966,34819,104785,35147,75250,110397,185647,-35147,145216.0,5712.0,-569.0,569.0
2024-12-02,70206,33550,103756,36656,75835,112491,188326,-36656,146041.0,825.0,-1509.0,1509.0
2024-12-03,70684,35756,106440,34928,75662,110590,186252,-34928,146346.0,305.0,1728.0,-1728.0
2024-12-04,72911,36054,108965,36857,71937,108794,180731,-36857,144848.0,-1498.0,-1929.0,1929.0
2024-12-05,70925,39530,110455,31395,74784,106179,180963,-31395,145709.0,861.0,5462.0,-5462.0
2024-12-06,73276,35825,109101,37451,74053,111504,185557,-37451,147329.0,1620.0,-6056.0,6056.0
2024-12-09,76341,38846,115187,37495,80858,118353,199211,-37495,157199.0,9870.0,-44.0,44.0
2024-12-10,75838,40874,116712,34964,81467,116431,197898,-34964,157305.0,106.0,2531.0,-2531.0
2024-12-11,78844,46763,125607,32081,87854,119935,207789,-32081,166698.0,9393.0,2883.0,-2883.0
2024-12-12,76686,41077,117763,35609,87659,123268,210927,-35609,164345.0,-2353.0,-3528.0,3528.0
2024-12-13,74974,38177,113151,36797,87128,123925,211053,-36797,162102.0,-2243.0,-1188.0,1188.0
2024-12-16,78723,34392,113115,44331,89821,134152,223973,-44331,168544.0,6442.0,-7534.0,7534.0
2024-12-17,77722,35466,113188,42256,103626,145882,249508,-42256,181348.0,12804.0,2075.0,-2075.0
2024-12-18,70267,31322,101589,38945,132287,171232,303519,-38945,202554.0,21206.0,3311.0,-3311.0
2024-12-19,49908,30534,80442,19374,95242,114616,209858,-19374,145150.0,-57404.0,19571.0,-19571.0
2024-12-20,51087,41731,92818,9356,111797,121153,232950,-9356,162884.0,17734.0,10018.0,-10018.0
2024-12-23,51445,38890,90335,12555,105355,117910,223265,-12555,156800.0,-6084.0,-3199.0,3199.0
2024-12-24,54074,39816,93890,14258,112592,126850,239442,-14258,166666.0,9866.0,-1703.0,1703.0
2024-12-25,54849,42862,97711,11987,116311,128298,244609,-11987,171160.0,4494.0,2271.0,-2271.0
2024-12-26,51077,45962,97039,5115,114051,119166,233217,-5115,165128.0,-6032.0,6872.0,-6872.0
2024-12-27,50260,41834,92094,8426,110208,118634,228842,-8426,160468.0,-4660.0,-3311.0,3311.0
2024-12-30,48007,45539,93546,2468,116009,118477,234486,-2468,164016.0,3548.0,5958.0,-5958.0
2025-01-02,46688,43534,90222,3154,116034,119188,235222,-3154,162722.0,-1294.0,-686.0,686.0
2025-01-03,49000,39217,88217,9783,107198,116981,224179,-9783,156198.0,-6524.0,-6629.0,6629.0
2025-01-06,51006,39779,90785,11227,105217,116444,221661,-11227,156223.0,25.0,-1444.0,1444.0
2025-01-08,51865,42389,94254,9476,107756,117232,224988,-9476,159621.0,3398.0,1751.0,-1751.0
2025-01-09,57397,41666,99063,15731,99801,115532,215333,-15731,157198.0,-2423.0,-6255.0,6255.0
2025-01-10,56911,45434,102345,11477,101685,113162,214847,-11477,158596.0,1398.0,4254.0,-4254.0
2025-01-13,57031,48926,105957,8105,94508,102613,197121,-8105,151539.0,-7057.0,3372.0,-3372.0
2025-01-14,57862,52557,110419,5305,95068,100373,195441,-5305,152930.0,1391.0,2800.0,-2800.0
2025-01-15,58219,51564,109783,6655,91295,97950,189245,-6655,149514.0,-3416.0,-1350.0,1350.0
2025-01-16,61431,50653,112084,10778,90734,101512,192246,-10778,152165.0,2651.0,-4123.0,4123.0
2025-01-17,62921,55233,118154,7688,92630,100318,192948,-7688,155551.0,3386.0,3090.0,-3090.0
2025-01-20,65612,58546,124158,7066,91902,98968,190870,-7066,157514.0,1963.0,622.0,-622.0
2025-01-21,67195,55917,123112,11278,88463,99741,188204,-11278,155658.0,-1856.0,-4212.0,4212.0
2025-01-22,65721,52635,118356,13086,90365,103451,193816,-13086,156086.0,428.0,-1808.0,1808.0
2025-01-23,71741,47341,119082,24400,85018,109418,194436,-24400,156759.0,673.0,-11314.0,11314.0
2025-01-24,71139,46936,118075,24203,80334,104537,184871,-24203,151473.0,-5286.0,197.0,-197.0
2025-01-27,66832,42745,109577,24087,81966,106053,188019,-24087,148798.0,-2675.0,116.0,-116.0
2025-01-28,67177,42973,110150,24204,80649,104853,185502,-24204,147826.0,-972.0,-117.0,117.0
2025-01-29,66316,44242,110558,22074,83962,106036,189998,-22074,150278.0,2452.0,2130.0,-2130.0
2025-01-30,66786,43943,110729,22843,78020,100863,178883,-22843,144806.0,-5472.0,-769.0,769.0
2025-01-31,62059,44443,106502,17616,75101,92717,167818,-17616,137160.0,-7646.0,5227.0,-5227.0
2025-02-03,66756,41875,108631,24881,69384,94265,163649,-24881,136140.0,-1020.0,-7265.0,7265.0
2025-02-04,67604,42216,109820,25388,69221,94609,163830,-25388,136825.0,685.0,-507.0,507.0
2025-02-05,72471,35715,108186,36756,68758,105514,174272,-36756,141229.0,4404.0,-11368.0,11368.0
2025-02-06,68490,38957,107447,29533,71753,101286,173039,-29533,140243.0,-986.0,7223.0,-7223.0
2025-02-07,65087,37090,102177,27997,73585,101582,175167,-27997,138672.0,-1571.0,1536.0,-1536.0
2025-02-10,70645,44165,114810,26480,77812,104292,182104,-26480,148457.0,9785.0,1517.0,-1517.0
2025-02-11,76795,43608,120403,33187,76234,109421,185655,-33187,153029.0,4572.0,-6707.0,6707.0
2025-02-12,67887,43852,111739,24035,83670,107705,191375,-24035,151557.0,-1472.0,9152.0,-9152.0
2025-02-13,60295,40871,101166,19424,82734,102158,184892,-19424,143029.0,-8528.0,4611.0,-4611.0
2025-02-14,60789,39701,100490,21088,90940,112028,202968,-21088,151729.0,8700.0,-1664.0,1664.0
2025-02-17,67726,43235,110961,24491,93284,117775,211059,-24491,161010.0,9281.0,-3403.0,3403.0
2025-02-18,76536,40961,117497,35575,92463,128038,220501,-35575,168999.0,7989.0,-11084.0,11084.0
2025-02-19,77147,41298,118445,35849,88072,123921,211993,-35849,165219.0,-3780.0,-274.0,274.0
2025-02-20,77960,38258,116218,39702,91812,131514,223326,-39702,169772.0,4553.0,-3853.0,3853.0
2025-02-21,72417,39558,111975,32859,92187,125046,217233,-32859,164604.0,-5168.0,6843.0,-6843.0
2025-02-24,76778,33220,109998,43558,93872,137430,231302,-43558,170650.0,6046.0,-10699.0,10699.0
2025-02-25,83781,31245,115026,52536,103850,156386,260236,-52536,187631.0,16981.0,-8978.0,8978.0
2025-02-26,81871,29001,110872,52870,98513,151383,249896,-52870,180384.0,-7247.0,-334.0,334.0
2025-02-27,82656,27100,109756,55556,98462,154018,252480,-55556,181118.0,734.0,-2686.0,2686.0
2025-02-28,82864,27911,110775,54953,99208,154161,253369,-54953,182072.0,954.0,603.0,-603.0
2025-03-03,81821,29275,111096,52546,98429,150975,249404,-52546,180250.0,-1822.0,2407.0,-2407.0
2025-03-04,86527,31116,117643,55411,103917,159328,263245,-55411,190444.0,10194.0,-2865.0,2865.0
2025-03-05,92172,30231,122403,61941,113886,175827,289713,-61941,206058.0,15614.0,-6530.0,6530.0
2025-03-06,92930,29384,122314,63546,109807,173353,283160,-63546,202737.0,-3321.0,-1605.0,1605.0
2025-03-07,87340,29681,117021,57659,107126,164785,271911,-57659,194466.0,-8271.0,5887.0,-5887.0
2025-03-10,91849,27910,119759,63939,104760,168699,273459,-63939,196609.0,2143.0,-6280.0,6280.0
2025-03-11,94298,26848,121146,67450,104818,172268,277086,-67450,199116.0,2507.0,-3511.0,3511.0
2025-03-12,99957,27015,126972,72942,106840,179782,286622,-72942,206797.0,7681.0,-5492.0,5492.0
2025-03-13,97359,26335,123694,71024,105851,176875,282726,-71024,203210.0,-3587.0,1918.0,-1918.0
2025-03-14,101073,22350,123423,78723,117949,196672,314621,-78723,219022.0,15812.0,-7699.0,7699.0
2025-03-17,96708,21184,117892,75524,121142,196666,317808,-75524,217850.0,-1172.0,3199.0,-3199.0
2025-03-18,96775,18365,115140,78410,122531,200941,323472,-78410,219306.0,1456.0,-2886.0,2886.0
2025-03-19,89107,18779,107886,70328,122907,193235,316142,-70328,212014.0,-7292.0,8082.0,-8082.0
2025-03-20,63741,11953,75694,51788,91783,143571,235354,-51788,155524.0,-56490.0,18540.0,-18540.0
2025-03-21,71917,15956,87873,55961,90494,146455,236949,-55961,162411.0,6887.0,-4173.0,4173.0
2025-03-24,75462,15419,90881,60043,93827,153870,247697,-60043,169289.0,6878.0,-4082.0,4082.0
2025-03-25,80914,16648,97562,64266,94487,158753,253240,-64266,175401.0,6112.0,-4223.0,4223.0
2025-03-26,75950,17212,93162,58738,99315,158053,257368,-58738,175265.0,-136.0,5528.0,-5528.0
2025-03-27,82163,16584,98747,65579,94181,159760,253941,-65579,176344.0,1079.0,-6841.0,6841.0
2025-03-28,85957,17732,103689,68225,97263,165488,262751,-68225,183220.0,6876.0,-2646.0,2646.0
2025-03-31,85522,14587,100109,70935,108459,179394,287853,-70935,193981.0,10761.0,-2710.0,2710.0
2025-04-01,88282,15618,103900,72664,106771,179435,286206,-72664,195053.0,1072.0,-1729.0,1729.0
2025-04-02,87862,19308,107170,68554,108992,177546,286538,-68554,196854.0,1801.0,4110.0,-4110.0
2025-04-03,93058,16124,109182,76934,110657,187591,298248,-76934,203715.0,6861.0,-8380.0,8380.0
2025-04-04,82993,14271,97264,68722,109185,177907,287092,-68722,192178.0,-11537.0,8212.0,-8212.0
2025-04-07,86920,15468,102388,71452,112119,183571,295690,-71452,199039.0,6861.0,-2730.0,2730.0
2025-04-08,84575,16710,101285,67865,107692,175557,283249,-67865,192267.0,-6772.0,3587.0,-3587.0
2025-04-09,84976,18012,102988,66964,105521,172485,278006,-66964,190497.0,-1770.0,901.0,-901.0
2025-04-10,83108,14990,98098,68118,106872,174990,281862,-68118,189980.0,-517.0,-1154.0,1154.0
2025-04-11,82913,16616,99529,66297,116197,182494,298691,-66297,199110.0,9130.0,1821.0,-1821.0
2025-04-14,78722,16433,95155,62289,114356,176645,291001,-62289,193078.0,-6032.0,4008.0,-4008.0
2025-04-15,79580,17171,96751,62409,112841,175250,288091,-62409,192421.0,-657.0,-120.0,120.0
2025-04-16,81138,19524,100662,61614,114837,176451,291288,-61614,195975.0,3554.0,795.0,-795.0
2025-04-17,79996,17363,97359,62633,113795,176428,290223,-62633,193791.0,-2184.0,-1019.0,1019.0
2025-04-18,84776,16472,101248,68304,109100,177404,286504,-68304,193876.0,85.0,-5671.0,5671.0
2025-04-21,84537,20673,105210,63864,115002,178866,293868,-63864,199539.0,5663.0,4440.0,-4440.0
2025-04-22,84319,20772,105091,63547,119485,183032,302517,-63547,203804.0,4265.0,317.0,-317.0
2025-04-23,88102,20088,108190,68014,115581,183595,299176,-68014,203683.0,-121.0,-4467.0,4467.0
2025-04-24,82035,21375,103410,60660,116636,177296,293932,-60660,198671.0,-5012.0,7354.0,-7354.0
2025-04-25,87694,25179,112873,62515,116736,179251,295987,-62515,204430.0,5759.0,-1855.0,1855.0
2025-04-28,90134,21408,111542,68726,108705,177431,286136,-68726,198839.0,-5591.0,-6211.0,6211.0
2025-04-29,92496,20321,112817,72175,105231,177406,282637,-72175,197727.0,-1112.0,-3449.0,3449.0
2025-04-30,95155,18983,114138,76172,101817,177989,279806,-76172,196972.0,-755.0,-3997.0,3997.0
2025-05-02,92196,18078,110274,74118,98427,172545,270972,-74118,190623.0,-6349.0,2054.0,-2054.0
2025-05-05,87569,19254,106823,68315,95223,163538,258761,-68315,182792.0,-7831.0,5803.0,-5803.0
2025-05-06,89202,21697,110899,67505,96218,163723,259941,-67505,185420.0,2628.0,810.0,-810.0
2025-05-07,81068,22162,103230,58906,92823,151729,244552,-58906,173891.0,-11529.0,8599.0,-8599.0
2025-05-08,79811,23178,102989,56633,94305,150938,245243,-56633,174116.0,225.0,2273.0,-2273.0
2025-05-12,78602,21029,99631,57573,97908,155481,253389,-57573,176510.0,2394.0,-940.0,940.0
2025-05-13,82850,23043,105893,59807,107057,166864,273921,-59807,189907.0,13397.0,-2234.0,2234.0
2025-05-14,87219,21271,108490,65948,106794,172742,279536,-65948,194013.0,4106.0,-6141.0,6141.0
2025-05-15,89435,22370,111805,67065,97300,164365,261665,-67065,186735.0,-7278.0,-1117.0,1117.0
2025-05-16,91318,21996,113314,69322,93098,162420,255518,-69322,184416.0,-2319.0,-2257.0,2257.0
2025-05-19,85430,20742,106172,64688,93504,158193,251697,-64689,178934.5,-5481.5,4633.0,-4634.0
2025-05-20,91694,26232,117926,65462,92166,157628,249794,-65462,183860.0,4925.5,-773.0,774.0
2025-05-21,88994,25240,114234,63754,91158,154912,246070,-63754,180152.0,-3708.0,1708.0,-1708.0
2025-05-22,91607,26255,117862,65352,82345,147697,230042,-65352,173952.0,-6200.0,-1598.0,1598.0
2025-05-23,90986,29896,120882,61090,81258,142348,223606,-61090,172244.0,-1708.0,4262.0,-4262.0
2025-05-26,90766,28871,119637,61895,80313,142208,222521,-61895,171079.0,-1165.0,-805.0,805.0
2025-05-27,91850,28613,120463,63237,78118,141355,219473,-63237,169968.0,-1111.0,-1342.0,1342.0
2025-05-28,91847,33378,125225,58469,74710,133179,207889,-58469,166557.0,-3411.0,4768.0,-4768.0
2025-05-29,89777,31553,121330,58224,75266,133491,208757,-58225,165043.5,-1513.5,244.0,-245.0
2025-05-30,89851,30312,120163,59539,76629,136168,212797,-59539,166480.0,1436.5,-1314.0,1315.0
2025-06-02,95313,32020,127333,63293,75560,138853,214413,-63293,170873.0,4393.0,-3754.0,3754.0
2025-06-03,94415,30733,125148,63682,78943,142625,221568,-63682,173358.0,2485.0,-389.0,389.0
2025-06-04,96474,29415,125889,67059,88571,155630,244201,-67059,185045.0,11687.0,-3377.0,3377.0
2025-06-05,95297,30546,125843,64751,90161,154912,245073,-64751,185458.0,413.0,2308.0,-2308.0
2025-06-06,106824,24769,131593,82055,81871,163926,245797,-82055,188695.0,3237.0,-17304.0,17304.0
2025-06-09,106734,22658,129392,84076,77728,161804,239532,-84076,184462.0,-4233.0,-2021.0,2021.0
2025-06-10,108195,21824,130019,86371,73873,160244,234117,-86371,182068.0,-2394.0,-2295.0,2295.0
2025-06-11,111586,21645,133231,89941,72692,162633,235325,-89941,184278.0,2210.0,-3570.0,3570.0
2025-06-13,104617,21920,126537,82697,75293,157990,233283,-82697,179910.0,-4368.0,7244.0,-7244.0
2025-06-16,104535,25363,129898,79172,81633,160805,242438,-79172,186168.0,6258.0,3525.0,-3525.0
2025-06-17,95087,23183,118270,71904,90753,162657,253410,-71904,185840.0,-328.0,7268.0,-7268.0
2025-06-18,93132,21636,114768,71496,96108,167604,263712,-71496,189240.0,3400.0,408.0,-408.0
2025-06-19,92287,17221,109508,75066,91340,166406,257746,-75066,183627.0,-5613.0,-3570.0,3570.0
2025-06-20,74967,18075,93042,56892,77417,134309,211726,-56892,152384.0,-31243.0,18174.0,-18174.0
2025-06-23,73100,19724,92824,53376,78838,132214,211052,-53376,151938.0,-446.0,3516.0,-3516.0
2025-06-24,77161,18017,95178,59144,71594,130738,202332,-59144,148755.0,-3183.0,-5768.0,5768.0
2025-06-25,77368,21122,98490,56246,73112,129358,202470,-56246,150480.0,1725.0,2898.0,-2898.0
2025-06-26,77989,22127,100116,55862,72194,128056,200250,-55862,150183.0,-297.0,384.0,-384.0
2025-06-27,78244,20175,98419,58069,71791,129860,201651,-58069,150035.0,-148.0,-2207.0,2207.0
2025-06-30,86450,21582,108032,64868,71515,136383,207898,-64868,157965.0,7930.0,-6799.0,6799.0
2025-07-01,87057,23631,110688,63426,75195,138621,213816,-63426,162252.0,4287.0,1442.0,-1442.0
2025-07-02,88677,23257,111934,65420,74761,140181,214942,-65420,163438.0,1186.0,-1994.0,1994.0
2025-07-03,96067,24382,120449,71685,77042,148726,225768,-71684,173108.5,9670.5,-6264.0,6265.0
2025-07-04,96399,23455,119854,72944,87474,160418,247892,-72944,183873.0,10764.5,-1260.0,1259.0
2025-07-07,98369,21288,119657,77081,85996,163077,249073,-77081,184365.0,492.0,-4137.0,4137.0
2025-07-08,104116,19358,123474,84758,81066,165824,246890,-84758,185182.0,817.0,-7677.0,7677.0
2025-07-09,109166,23663,132829,85503,78670,164173,242843,-85503,187836.0,2654.0,-745.0,745.0
2025-07-10,111358,22645,134003,88713,76689,165400,242089,-88711,188046.0,210.0,-3208.0,3210.0
2025-07-11,117130,23246,140376,93884,70860,164744,235604,-93884,187990.0,-56.0,-5173.0,5171.0
2025-07-14,116410,27400,143810,89010,69957,158947,228904,-88990,186357.0,-1633.0,4894.0,-4874.0
2025-07-15,117424,33331,150755,84093,71502,155595,227097,-84093,188926.0,2569.0,4897.0,-4917.0
2025-07-16,113666,31642,145308,82024,78407,160431,238838,-82024,192073.0,3147.0,2069.0,-2069.0
2025-07-17,109905,34239,144144,75666,84934,160600,245534,-75666,194839.0,2766.0,6358.0,-6358.0
2025-07-18,114534,34487,149021,80047,85542,165589,251131,-80047,200076.0,5237.0,-4381.0,4381.0
2025-07-21,113158,30847,144005,82311,89840,172151,261991,-82311,202998.0,2922.0,-2264.0,2264.0
2025-07-22,112081,32326,144407,79755,91824,171579,263403,-79755,203905.0,907.0,2556.0,-2556.0
2025-07-23,116735,31651,148386,85084,94829,179913,274742,-85084,211564.0,7659.0,-5329.0,5329.0
2025-07-24,115415,25554,140969,89861,94107,183968,278075,-89861,209522.0,-2042.0,-4777.0,4777.0
2025-07-25,115456,28418,143874,87038,92820,179858,272678,-87038,208276.0,-1246.0,2823.0,-2823.0
2025-07-28,111356,31109,142465,80247,91354,171601,262955,-80247,202710.0,-5566.0,6791.0,-6791.0
2025-07-29,106349,31038,137387,75311,89189,164500,253689,-75311,195538.0,-7172.0,4936.0,-4936.0
2025-07-30,107409,28975,136384,78434,85125,163559,248684,-78434,192534.0,-3004.0,-3123.0,3123.0
2025-07-31,106942,25937,132879,81005,86372,167377,253749,-81005,193314.0,780.0,-2571.0,2571.0
2025-08-01,106748,27207,133955,79541,84665,164206,248871,-79541,191413.0,-1901.0,1464.0,-1464.0
2025-08-04,109612,32851,142463,76761,85847,162608,248455,-76761,195459.0,4046.0,2780.0,-2780.0
2025-08-05,110955,26858,137813,84097,86982,171079,258061,-84097,197937.0,2478.0,-7336.0,7336.0
2025-08-06,109140,28159,137299,80981,85811,166792,252603,-80981,194951.0,-2986.0,3116.0,-3116.0
2025-08-07,122745,28380,151125,94365,98096,192461,290557,-94365,220841.0,25890.0,-13384.0,13384.0
2025-08-08,134087,29006,163093,105081,97132,202213,299345,-105081,231219.0,10378.0,-10716.0,10716.0
2025-08-11,128831,31219,160050,97612,101130,201702,302832,-100572,231441.0,222.0,4509.0,-7469.0
2025-08-12,129825,28105,157930,101720,101417,203137,304554,-101720,231242.0,-199.0,-1148.0,4108.0
2025-08-13,134482,27556,162038,106926,101448,208374,309822,-106926,235930.0,4688.0,-5206.0,5206.0
2025-08-14,132933,27667,160600,105266,103579,208845,312424,-105266,236512.0,582.0,1660.0,-1660.0
2025-08-15,132108,26386,158494,105722,105942,211664,317606,-105722,238050.0,1538.0,-456.0,456.0
2025-08-18,141307,29394,170701,111913,102853,214766,317619,-111913,244160.0,6110.0,-6191.0,6191.0
2025-08-19,140761,29795,170556,110966,105466,216432,321898,-110966,246227.0,2067.0,947.0,-947.0
2025-08-20,139846,29272,169118,110574,99210,209784,308994,-110574,239056.0,-7171.0,392.0,-392.0
2025-08-21,139023,30363,169386,108660,98219,206879,305098,-108660,237242.0,-1814.0,1914.0,-1914.0
2025-08-22,136719,27773,164492,108946,99878,208824,308702,-108946,236597.0,-645.0,-286.0,286.0
2025-08-25,129448,27865,157313,101583,98958,200541,299499,-101583,228406.0,-8191.0,7363.0,-7363.0
2025-08-26,132766,28442,161208,104324,97448,201772,299220,-104324,230214.0,1808.0,-2741.0,2741.0
2025-08-27,136502,31340,167842,105162,100226,205388,305614,-105162,236728.0,6514.0,-838.0,838.0
2025-08-28,137730,28160,165890,109570,102666,212236,314902,-109570,240396.0,3668.0,-4408.0,4408.0
2025-08-29,133462,29026,162488,104436,97831,202267,300098,-104436,231293.0,-9103.0,5134.0,-5134.0
2025-09-01,136038,29121,165159,106917,93669,200587,294256,-106918,229707.5,-1585.5,-2482.0,2481.0
2025-09-02,136640,31120,167760,105520,92635,198155,290790,-105520,229275.0,-432.5,1398.0,-1397.0
2025-09-03,134281,33385,167666,100896,91740,192636,284376,-100896,226021.0,-3254.0,4624.0,-4624.0
2025-09-04,138088,34109,172197,103979,90511,194490,285001,-103979,228599.0,2578.0,-3083.0,3083.0
2025-09-05,139639,32696,172335,106943,91637,198580,290217,-106943,231276.0,2677.0,-2964.0,2964.0
2025-09-08,136336,31949,168285,104387,91961,196348,288309,-104387,228297.0,-2979.0,2556.0,-2556.0
2025-09-09,133571,31961,165532,101610,96363,197973,294336,-101610,229934.0,1637.0,2777.0,-2777.0
2025-09-10,138298,34079,172377,104219,98466,202685,301151,-104219,236764.0,6830.0,-2609.0,2609.0
2025-09-11,134422,36911,171333,97511,104240,201751,305991,-97511,238662.0,1898.0,6708.0,-6708.0
2025-09-12,128884,36596,165480,92288,95472,187760,283232,-92288,224356.0,-14306.0,5223.0,-5223.0
2025-09-15,123143,28847,151990,94296,85755,180051,265806,-94296,208898.0,-15458.0,-2008.0,2008.0
2025-09-16,120231,28824,149055,91407,83249,174656,257905,-91407,203480.0,-5418.0,2889.0,-2889.0
2025-09-17,113299,31167,144466,82132,84711,166843,251554,-82132,198010.0,-5470.0,9275.0,-9275.0
2025-09-18,120614,25712,146326,94902,90334,185236,275570,-94902,210948.0,12938.0,-12770.0,12770.0
2025-09-19,119473,23891,143364,95582,72615,168197,240812,-95582,192088.0,-18860.0,-680.0,680.0
2025-09-22,133464,25171,158635,108293,83185,191478,274663,-108293,216649.0,24561.0,-12711.0,12711.0
2025-09-23,125703,24350,150053,101353,88223,189576,277799,-101353,213926.0,-2723.0,6940.0,-6940.0
2025-09-24,122339,29589,151928,92750,87316,180066,267382,-92750,209655.0,-4271.0,8603.0,-8603.0
2025-09-25,125884,29300,155184,96584,88900,185484,274384,-96584,214784.0,5129.0,-3834.0,3834.0
2025-09-26,128278,26569,154847,101709,88216,189925,278141,-101709,216494.0,1710.0,-5125.0,5125.0
2025-09-29,133069,24061,157130,109008,80317,189325,269642,-109008,213386.0,-3108.0,-7299.0,7299.0
2025-09-30,137101,22822,159923,114279,76978,191257,268235,-114279,214079.0,693.0,-5271.0,5271.0
2025-10-01,141911,24307,166218,117604,73367,190971,264338,-117604,215278.0,1199.0,-3325.0,3325.0
2025-10-02,141735,23346,165081,118389,79184,197573,276757,-118389,220919.0,5641.0,-785.0,785.0
2025-10-03,146333,21815,168148,124518,77938,202456,280394,-124518,224271.0,3352.0,-6129.0,6129.0
2025-10-06,145104,25046,170150,120058,86001,206059,292060,-120058,231105.0,6834.0,4460.0,-4460.0
2025-10-07,142976,23914,166890,119062,80065,199123,279188,-119058,223039.0,-8066.0,1000.0,-996.0
2025-10-08,152086,26959,179045,125127,72995,198122,271117,-125127,225081.0,2042.0,-6069.0,6065.0
2025-10-09,145075,23105,168180,121970,82623,204593,287216,-121970,227698.0,2617.0,3157.0,-3157.0
2025-10-10,144396,24549,168945,119847,90416,210263,300679,-119847,234812.0,7114.0,2123.0,-2123.0
2025-10-13,139019,25059,164078,113960,91733,205693,297426,-113960,230752.0,-4060.0,5887.0,-5887.0
2025-10-14,142142,23656,165798,118486,78799,197285,276084,-118486,220941.0,-9811.0,-4526.0,4526.0
2025-10-15,139002,24304,163306,114698,83277,197975,281252,-114698,222279.0,1338.0,3788.0,-3788.0
2025-10-16,145710,26392,172102,119318,82207,201525,283732,-119318,227917.0,5638.0,-4620.0,4620.0
2025-10-17,153019,22217,175236,130802,93208,224010,317218,-130802,246227.0,18310.0,-11484.0,11484.0
2025-10-20,147098,23322,170420,123776,100631,224407,325038,-123776,247729.0,1502.0,7026.0,-7026.0
2025-10-21,147471,22184,169655,125287,98714,224001,322715,-125287,246185.0,-1544.0,-1511.0,1511.0
2025-10-22,152942,19340,172282,133602,94723,228325,323048,-133602,247665.0,1480.0,-8315.0,8315.0
2025-10-23,151220,19251,170471,131969,89318,221287,310605,-131969,240538.0,-7127.0,1633.0,-1633.0
2025-10-24,159139,21188,180327,137951,88933,226884,315817,-137951,248072.0,7534.0,-5982.0,5982.0
2025-10-27,161070,26536,187606,134534,80679,215213,295892,-134534,241749.0,-6323.0,3417.0,-3417.0
2025-10-28,154194,23221,177415,130973,85002,215975,300977,-130973,239196.0,-2553.0,3561.0,-3561.0
2025-10-29,156013,25709,181722,130304,80107,210411,290518,-130304,236120.0,-3076.0,669.0,-669.0
2025-10-30,151782,33166,184948,118616,80306,198922,279228,-118616,232088.0,-4032.0,11688.0,-11688.0
2025-10-31,146465,27216,173681,119249,77369,196627,273996,-119258,223838.5,-8249.5,-642.0,633.0
2025-11-03,146037,23655,169692,122382,72177,194559,266736,-122382,218214.0,-5624.5,-3124.0,3133.0
2025-11-05,147805,23431,171236,124374,83950,208324,292274,-124374,231755.0,13541.0,-1992.0,1992.0
2025-11-06,149384,25481,174865,123903,79264,203164,282428,-123900,228646.5,-3108.5,474.0,-471.0
2025-11-07,146923,24039,170962,122884,77846,200730,278576,-122884,224769.0,-3877.5,1016.0,-1019.0
2025-11-10,153587,26394,179981,127193,79468,206661,286129,-127193,233055.0,8286.0,-4309.0,4309.0
2025-11-11,155132,24219,179351,130913,78232,209145,287377,-130913,233364.0,309.0,-3720.0,3720.0
2025-11-12,158183,28521,186704,129662,78066,207728,285794,-129662,236249.0,2885.0,1251.0,-1251.0
2025-11-13,153285,25361,178646,127924,79441,207365,286806,-127924,232726.0,-3523.0,1738.0,-1738.0
2025-11-14,157589,25720,183309,131869,76155,208024,284179,-131869,233744.0,1018.0,-3945.0,3945.0
2025-11-17,153610,26533,180143,127077,77067,204144,281211,-127077,230677.0,-3067.0,4792.0,-4792.0
2025-11-18,155633,28515,184148,127118,81360,208478,289838,-127118,236993.0,6316.0,-41.0,41.0
2025-11-19,153094,39720,192814,113374,106975,220349,327324,-113374,260069.0,23076.0,13744.0,-13744.0
2025-11-20,148442,33691,182133,114751,107756,222507,330263,-114751,256198.0,-3871.0,-1377.0,1377.0
2025-11-21,152143,31878,184021,120265,110979,231234,342213,-120255,263117.0,6919.0,-5504.0,5514.0
2025-11-24,155749,30949,186698,124800,111549,236349,347898,-124800,267298.0,4181.0,-4545.0,4535.0
2025-11-25,155405,30558,185963,124847,111780,236627,348407,-124847,267185.0,-113.0,-47.0,47.0
2025-11-26,153990,31088,185078,122902,109219,232119,341338,-122900,263208.0,-3977.0,1947.0,-1945.0
2025-11-27,157201,33253,190454,123948,103491,227439,330930,-123948,260692.0,-2516.0,-1048.0,1046.0
2025-11-28,161254,27121,188375,134133,96132,230266,326398,-134134,257386.5,-3305.5,-10186.0,10185.0
2025-12-01,158618,28858,187476,129760,100958,230718,331676,-129760,259576.0,2189.5,4374.0,-4373.0
2025-12-02,155782,30563,186345,125219,99843,225062,324905,-125219,255625.0,-3951.0,4541.0,-4541.0
2025-12-03,153372,30163,183535,123209,85888,209097,294985,-123209,239260.0,-16365.0,2010.0,-2010.0
2025-12-04,151396,28142,179538,123254,80686,203940,284626,-123254,232082.0,-7178.0,-45.0,45.0
2025-12-05,163862,30742,194604,133120,96090,229210,325300,-133120,259952.0,27870.0,-9866.0,9866.0
2025-12-08,147527,28635,176162,118892,101719,220611,322330,-118892,249246.0,-10706.0,14228.0,-14228.0
2025-12-09,143502,31014,174516,112488,101366,213854,315220,-112488,244868.0,-4378.0,6404.0,-6404.0
2025-12-10,143365,29474,172839,113891,101611,215502,317113,-113891,244976.0,108.0,-1403.0,1403.0
2025-12-11,152736,32304,185040,120432,104561,224993,329554,-120432,257297.0,12321.0,-6541.0,6541.0
2025-12-12,146444,31879,178323,114565,103088,217653,320741,-114565,249532.0,-7765.0,5867.0,-5867.0
2025-12-15,144184,36520,180704,107664,104615,212279,316894,-107664,248799.0,-733.0,6901.0,-6901.0
2025-12-16,142867,36255,179122,106612,108795,215407,324202,-106612,251662.0,2863.0,1052.0,-1052.0
2025-12-17,133234,36140,169374,97094,105754,202852,308606,-97098,238990.0,-12672.0,9514.0,-9518.0
2025-12-18,127157,32412,159569,94745,121873,216618,338491,-94745,249030.0,10040.0,2353.0,-2349.0
2025-12-19,123738,28698,152436,95040,97497,192537,290034,-95040,221235.0,-27795.0,-295.0,295.0
2025-12-22,125802,26316,152118,99486,97185,196671,293856,-99486,222987.0,1752.0,-4446.0,4446.0
2025-12-23,130555,23686,154241,106869,92807,199676,292483,-106869,223362.0,375.0,-7383.0,7383.0
2025-12-24,128881,25924,154805,102957,91984,194941,286925,-102957,220865.0,-2497.0,3912.0,-3912.0
2025-12-25,130730,26408,157138,104322,91676,195998,287674,-104322,222406.0,1541.0,-1365.0,1365.0
2025-12-26,134275,23258,157533,111017,89323,200340,289663,-111017,223598.0,1192.0,-6695.0,6695.0
2025-12-29,136306,21439,157745,114867,89518,204385,293903,-114867,225824.0,2226.0,-3850.0,3850.0
2025-12-30,132870,22415,155285,110455,84739,195194,279933,-110455,217609.0,-8215.0,4412.0,-4412.0
2026-01-05,128220,22276,150496,105944,88259,194203,282462,-105944,216479.0,-1130.0,4511.0,-4511.0
2026-01-06,124658,24599,149257,100059,85698,185757,271455,-100059,210356.0,-6123.0,5885.0,-5885.0
2026-01-08,127598,27161,154759,100437,86398,186835,273233,-100437,213996.0,3640.0,-378.0,378.0
2026-01-09,127176,29329,156505,97847,86211,184058,270269,-97847,213387.0,-609.0,2590.0,-2590.0
2026-01-12,127344,34440,161784,92904,86971,179875,266846,-92904,214315.0,928.0,4943.0,-4943.0
2026-01-13,127921,34845,162766,93076,88861,181937,270798,-93076,216782.0,2467.0,-172.0,172.0
2026-01-14,125485,32246,157731,93239,93162,186401,279563,-93239,218647.0,1865.0,-163.0,163.0
2026-01-15,125317,29225,154542,96092,91253,187345,278598,-96092,216570.0,-2077.0,-2853.0,2853.0
2026-01-16,129900,30161,160061,99739,98529,198267,296796,-99738,228428.5,11858.5,-3646.0,3647.0
2026-01-19,127178,29570,156748,97608,99321,196929,296250,-97608,226499.0,-1929.5,2130.0,-2131.0
2026-01-20,120920,28708,149628,92212,100942,193154,294096,-92212,221862.0,-4637.0,5396.0,-5396.0
2026-01-21,128026,28853,156879,99173,99116,198290,297406,-99174,227142.5,5280.5,-6962.0,6961.0
2026-01-22,128504,26422,154926,102082,96730,198816,295546,-102086,225236.0,-1906.5,-2912.0,2909.0
2026-01-23,124585,26323,150908,98262,101768,200030,301798,-98262,226353.0,1117.0,3824.0,-3820.0
2026-01-26,122658,28011,150669,94647,107060,201707,308767,-94647,229718.0,3365.0,3615.0,-3615.0
2026-01-27,117251,21896,139147,95355,108721,204076,312797,-95355,225972.0,-3746.0,-708.0,708.0
2026-01-28,118633,21448,140081,97185,108248,205433,313681,-97185,226881.0,909.0,-1830.0,1830.0
2026-01-29,122076,22627,144703,99449,114573,214022,328595,-99449,236649.0,9768.0,-2264.0,2264.0
2026-01-30,126948,23752,150700,103196,107877,211073,318950,-103196,234825.0,-1824.0,-3747.0,3747.0
2026-02-02,126193,23779,149972,102414,106854,209268,316122,-102414,233047.0,-1778.0,782.0,-782.0
2026-02-03,125831,23800,149631,102031,107785,209813,317598,-102028,233614.5,567.5,386.0,-383.0
2026-02-04,127021,26887,153908,100134,111953,212087,324040,-100134,238974.0,5359.5,1894.0,-1897.0
2026-02-05,121538,25998,147536,95540,115152,210692,325844,-95540,236690.0,-2284.0,4594.0,-4594.0
2026-02-06,120405,25177,145582,95228,110614,205842,316456,-95228,231019.0,-5671.0,312.0,-312.0
2026-02-09,122243,24712,146955,97531,107066,204597,311663,-97531,229309.0,-1710.0,-2303.0,2303.0
2026-02-10,121625,26911,148536,94714,102083,196797,298880,-94714,223708.0,-5601.0,2817.0,-2817.0
2026-02-11,121597,22766,144363,98831,100804,199635,300439,-98831,222401.0,-1307.0,-4117.0,4117.0
2026-02-12,119472,23418,142890,96054,115883,211937,327820,-96054,235355.0,12954.0,2777.0,-2777.0
2026-02-13,119341,22548,141889,96793,123056,219849,342905,-96793,242397.0,7042.0,-739.0,739.0
2026-02-16,117079,23016,140095,94063,121211,215274,336485,-94063,238290.0,-4107.0,2730.0,-2730.0
2026-02-17,115459,23773,139232,91686,120148,211834,331982,-91686,235607.0,-2683.0,2377.0,-2377.0
2026-02-18,117369,25476,142845,91893,116821,208714,325535,-91893,234190.0,-1417.0,-207.0,207.0
2026-02-19,116781,27062,143843,89719,118358,208077,326435,-89719,235139.0,949.0,2174.0,-2174.0
2026-02-20,117497,22847,140344,94650,114751,209401,324152,-94650,232248.0,-2891.0,-4931.0,4931.0
2026-02-23,117966,22853,140819,95113,114543,209656,324199,-95113,232509.0,261.0,-463.0,463.0
2026-02-24,115467,26526,141993,88941,116020,204961,320981,-88941,231487.0,-1022.0,6172.0,-6172.0
2026-02-25,115838,25625,141463,90213,114549,204762,319311,-90213,230387.0,-1100.0,-1272.0,1272.0
2026-02-26,110391,27441,137832,82950,115915,198865,314780,-82950,226306.0,-4081.0,7263.0,-7263.0
2026-02-27,116000,26068,142068,89932,115830,205762,321592,-89932,231830.0,5524.0,-6982.0,6982.0
2026-03-02,103387,27460,130847,75927,119378,195305,314683,-75927,222765.0,-9065.0,14005.0,-14005.0
2026-03-03,93434,24654,118088,68780,118549,187329,305878,-68780,211983.0,-10782.0,7147.0,-7147.0
2026-03-04,94057,24577,118634,69480,114489,183969,298458,-69480,208546.0,-3437.0,-700.0,700.0
2026-03-05,95220,22221,117441,72999,111511,184510,296021,-72999,206731.0,-1815.0,-3519.0,3519.0
2026-03-06,96563,27569,124132,68994,114923,183917,298840,-68994,211486.0,4755.0,4005.0,-4005.0
2026-03-09,91309,26635,117944,64674,110264,174938,285202,-64674,201573.0,-9913.0,4320.0,-4320.0
2026-03-10,87172,22090,109262,65082,110063,175145,285208,-65082,197235.0,-4338.0,-408.0,408.0
2026-03-11,88676,21814,110490,66862,107638,174500,282138,-66862,196314.0,-921.0,-1780.0,1780.0
2026-03-12,89772,22698,112470,67074,110212,177286,287498,-67074,199984.0,3670.0,-212.0,212.0
2026-03-13,87426,22506,109932,64920,114393,179313,293706,-64920,201819.0,1835.0,2154.0,-2154.0
2026-03-16,82077,23365,105442,58712,115434,174146,289580,-58712,197511.0,-4308.0,6208.0,-6208.0
2026-03-17,83610,22960,106570,60650,117983,178633,296616,-60650,201593.0,4082.0,-1938.0,1938.0
2026-03-18,79791,23918,103709,55873,125634,181507,307141,-55873,205425.0,3832.0,4777.0,-4777.0
2026-03-19,77137,20900,98037,56237,127476,183713,311189,-56237,204613.0,-812.0,-364.0,364.0
2026-03-20,65319,15420,80739,49899,111275,161174,272449,-49899,176594.0,-28019.0,6338.0,-6338.0
2026-03-23,67544,18037,85581,49507,112602,162109,274711,-49507,180146.0,3552.0,392.0,-392.0
2026-03-24,68980,16963,85943,52017,113293,165310,278603,-52017,182273.0,2127.0,-2510.0,2510.0
2026-03-25,68969,16194,85163,52775,113516,166291,279807,-52775,182485.0,212.0,-758.0,758.0
2026-03-26,71801,19371,91172,52430,114403,166833,281236,-52430,186204.0,3719.0,345.0,-345.0
2026-03-27,75734,20396,96130,55338,110349,165687,276036,-55338,186083.0,-121.0,-2908.0,2908.0
2026-03-30,73959,16070,90029,57889,111366,169255,280621,-57889,185325.0,-758.0,-2551.0,2551.0
2026-03-31,76829,18199,95028,58630,108537,167167,275704,-58630,185366.0,41.0,-741.0,741.0
2026-04-01,79106,14886,93992,64220,109346,173566,282912,-64220,188452.0,3086.0,-5590.0,5590.0
2026-04-02,81306,15556,96862,65750,106888,172638,279526,-65750,188194.0,-258.0,-1530.0,1530.0
2026-04-03,90858,18140,108998,72718,103048,175766,278814,-72718,193906.0,5712.0,-6968.0,6968.0
2026-04-06,90015,17497,107512,72518,105618,178136,283754,-72518,195633.0,1727.0,200.0,-200.0
